,s,seed,method,time,F_score,loss,estimation_error,sparsity
0,5,1,foba_gdt,29.22706236699014,0.8888888888888888,0.011588278226554394,0.7422969197308296,4
1,5,1,omp,12.33610304199101,0.8888888888888888,0.011588274501264095,0.742296973045068,4
2,5,2,foba_gdt,24.94706012500683,0.8888888888888888,0.011085686273872852,0.7496994939322065,4
3,5,2,omp,11.407393499001046,0.8888888888888888,0.011085683479905128,0.7496863201686736,4
4,5,3,foba_gdt,25.69259905999934,0.8333333333333334,0.010295094922184944,0.7586041434949061,7
5,5,3,omp,9.507247102999827,0.7142857142857143,0.010195332579314709,0.7608151016622557,9
6,5,4,foba_gdt,29.126998910986003,1.0,0.011723403818905354,0.7422576332567006,5
7,5,4,omp,5.91390773600142,1.0,0.011723412200808525,0.7422625457277605,5
8,5,5,foba_gdt,29.429021996009396,0.8888888888888888,0.011232791468501091,0.7509896279597769,4
9,5,5,omp,7.086862263997318,0.8888888888888888,0.011232780292630196,0.7509896292852871,4
10,5,6,foba_gdt,36.49105069199868,0.75,0.012325937859714031,0.7404338371578933,3
11,5,6,omp,6.35168823999993,0.6,0.011807779781520367,0.74956286681539,5
12,5,7,foba_gdt,36.833765237999614,0.8888888888888888,0.010992352850735188,0.7493407485107157,4
13,5,7,omp,5.981545444999938,0.8888888888888888,0.010992353782057762,0.749339405479477,4
14,5,8,foba_gdt,26.93681275799463,0.7692307692307693,0.01139511913061142,0.749253888682134,8
15,5,8,omp,7.828986962995259,0.6666666666666666,0.011274746619164944,0.7515052723762443,10
16,5,9,foba_gdt,30.101621912996052,0.7272727272727273,0.012617556378245354,0.7390523214573637,6
17,5,9,omp,8.512544862998766,0.8,0.012763998471200466,0.7359598359969066,5
18,5,10,foba_gdt,24.998039154001162,0.8888888888888888,0.012169728055596352,0.737070303016697,4
19,5,10,omp,11.09609516999626,0.8888888888888888,0.012169728055596352,0.7370622557980292,4
20,5,11,foba_gdt,23.918383705997257,0.75,0.015173361636698246,0.7395587405056049,3
21,5,11,omp,8.411504443996819,0.7272727272727273,0.012902519665658474,0.7453282457890287,6
22,5,12,foba_gdt,25.292286159994546,0.75,0.011436188593506813,0.7470337527124984,3
23,5,12,omp,11.264050305006094,0.75,0.011436189524829388,0.7470338211169987,3
24,5,13,foba_gdt,29.263639985001646,0.8888888888888888,0.014469042420387268,0.730064090843014,4
25,5,13,omp,8.240190937009174,0.8888888888888888,0.014469044283032417,0.730075824331614,4
26,5,14,foba_gdt,31.017675638009678,0.8888888888888888,0.011238864623010159,0.7472377177744878,4
27,5,14,omp,8.279108242000802,0.8888888888888888,0.011238870210945606,0.7472373582611758,4
28,5,15,foba_gdt,29.30659601300431,0.75,0.012416848912835121,0.7414397287436368,3
29,5,15,omp,13.177286189005827,0.75,0.012416848912835121,0.7414404998316881,3
30,5,16,foba_gdt,25.20464707398787,0.8888888888888888,0.011263030581176281,0.7455262232244873,4
31,5,16,omp,11.976933854006347,0.8888888888888888,0.011263027787208557,0.7455262372548039,4
32,5,17,foba_gdt,26.156141283994657,0.8888888888888888,0.011920713819563389,0.7401723060253487,4
33,5,17,omp,8.294376495992765,0.8,0.011774963699281216,0.7430192743786673,5
34,5,18,foba_gdt,25.2522005320061,0.8333333333333334,0.012274402193725109,0.7406565110293257,7
35,5,18,omp,7.050306411008933,0.8888888888888888,0.012788869440555573,0.7354009605897739,4
36,5,19,foba_gdt,24.65807554399362,1.0,0.010829250328242779,0.7506188132490832,5
37,5,19,omp,10.165850385004887,1.0,0.010829254984855652,0.750617260813037,5
38,5,20,foba_gdt,32.013147394987755,0.8888888888888888,0.012533171102404594,0.7362948292317798,4
39,5,20,omp,5.591429647000041,0.8888888888888888,0.01253317017108202,0.7362951918320289,4
40,5,21,foba_gdt,28.270022716998938,0.75,0.012438595294952393,0.7392583047613369,3
41,5,21,omp,7.949002267996548,0.75,0.01243858877569437,0.7392667117115024,3
42,5,22,foba_gdt,28.208939294010634,0.7692307692307693,0.01282432395964861,0.7379862629931095,8
43,5,22,omp,8.609948815996177,0.5555555555555556,0.012348348274827003,0.7461364982693214,13
44,5,23,foba_gdt,29.5618120690051,0.75,0.012578871101140976,0.7481149287215596,3
45,5,23,omp,8.391654543986078,0.75,0.012578872963786125,0.7480915465778446,3
46,5,24,foba_gdt,27.962961295997957,1.0,0.011664065532386303,0.7421413988063369,5
47,5,24,omp,11.24001280000084,0.9090909090909091,0.011540033854544163,0.7439414694157808,6
48,5,25,foba_gdt,24.577013300004182,1.0,0.011750271543860435,0.7411947731262595,5
49,5,25,omp,8.919635341997491,1.0,0.01175027247518301,0.7411948070507361,5
50,5,26,foba_gdt,25.31121683899255,1.0,0.011709644459187984,0.744628473061653,5
51,5,26,omp,8.002197413996328,1.0,0.011709644459187984,0.7446461945519782,5
52,5,27,foba_gdt,29.111711577992537,1.0,0.011833668686449528,0.7398612911614026,5
53,5,27,omp,9.39399847900495,1.0,0.011833676137030125,0.7399131195293609,5
54,5,28,foba_gdt,25.655626261999714,0.8333333333333334,0.011372950859367847,0.7505527957210861,7
55,5,28,omp,9.25435545000073,0.8888888888888888,0.011924776248633862,0.7441817990168772,4
56,5,29,foba_gdt,26.106620709993877,0.8888888888888888,0.011402569711208344,0.7452633928169716,4
57,5,29,omp,6.3687120959948516,0.8888888888888888,0.011402564123272896,0.745266946393772,4
58,5,30,foba_gdt,33.893885187993874,1.0,0.012182149104773998,0.739174424999826,5
59,5,30,omp,8.183115759995417,1.0,0.01218215562403202,0.7391958319196449,5
60,5,31,foba_gdt,24.208086782004102,0.8888888888888888,0.012300828471779823,0.740241823385625,4
61,5,31,omp,6.334992495001643,0.8888888888888888,0.012300832197070122,0.7402867383812526,4
62,5,32,foba_gdt,25.31741183399572,1.0,0.012216055765748024,0.7382890538326761,5
63,5,32,omp,5.584598368994193,1.0,0.012216060422360897,0.738289701847816,5
64,5,33,foba_gdt,29.3649983840005,0.8333333333333334,0.011187280528247356,0.7496060385714989,7
65,5,33,omp,8.724051948011038,1.0,0.01144909206777811,0.7442910580658479,5
66,5,34,foba_gdt,28.6876248470071,0.5714285714285714,0.01294886413961649,0.7360860085039198,2
67,5,34,omp,9.74829726999451,0.5714285714285714,0.01294886413961649,0.7360860137842737,2
68,5,35,foba_gdt,24.20335600299586,1.0,0.011528798379004002,0.7466866456979653,5
69,5,35,omp,9.808745057001943,0.9090909090909091,0.011266123503446579,0.7503776042266245,6
70,5,36,foba_gdt,28.37521700200159,1.0,0.011014855466783047,0.7501495319073298,5
71,5,36,omp,13.844003161008004,1.0,0.011014859192073345,0.7501497494880794,5
72,5,37,foba_gdt,25.241945869012852,1.0,0.011523624882102013,0.7432038247560733,5
73,5,37,omp,11.427594110995415,0.8888888888888888,0.011716705746948719,0.7447985583398032,4
74,5,38,foba_gdt,26.97603232500842,1.0,0.011007888242602348,0.7491201255438776,5
75,5,38,omp,10.335471072001383,1.0,0.011007885448634624,0.749123583577304,5
76,5,39,foba_gdt,23.591873241995927,0.8888888888888888,0.011856148019433022,0.7405459381799104,4
77,5,39,omp,5.656410240990226,0.8888888888888888,0.011856148950755596,0.7405459209643253,4
78,5,40,foba_gdt,25.495138496989966,0.8888888888888888,0.011448631063103676,0.7433990828924136,4
79,5,40,omp,5.448803509003483,0.8888888888888888,0.011448626406490803,0.7434002761452415,4
80,5,41,foba_gdt,31.517452811996918,0.75,0.012088236398994923,0.7424309253724207,3
81,5,41,omp,9.285383959009778,0.5,0.012220615521073341,0.7483991018581528,3
82,5,42,foba_gdt,26.100692738007638,0.8888888888888888,0.012471935711801052,0.741202399167337,4
83,5,42,omp,9.533113350000349,0.8,0.012195347808301449,0.7438942248074628,5
84,5,43,foba_gdt,27.167199222996715,0.9090909090909091,0.012245545163750648,0.7389607232079258,6
85,5,43,omp,8.139612251005019,0.9090909090909091,0.01224555168300867,0.7390124827955861,6
86,5,44,foba_gdt,28.82410270399123,0.8888888888888888,0.010735257528722286,0.7525368142182469,4
87,5,44,omp,5.781863078009337,0.8888888888888888,0.010735265910625458,0.7525792711591629,4
88,5,45,foba_gdt,31.727662944991607,0.8888888888888888,0.012284504249691963,0.7394827158053979,4
89,5,45,omp,5.628987203992438,0.8888888888888888,0.012284508906304836,0.7394798726115173,4
90,5,46,foba_gdt,28.694379373002448,1.0,0.01199382171034813,0.7389634934138206,5
91,5,46,omp,5.398791086001438,1.0,0.01199381984770298,0.7389571498964587,5
92,5,47,foba_gdt,31.131429881992517,0.8888888888888888,0.011454439722001553,0.7465472481805745,4
93,5,47,omp,6.625306148998789,0.8888888888888888,0.011454440653324127,0.7465565581663457,4
94,5,48,foba_gdt,29.103575459012063,0.8888888888888888,0.011608239263296127,0.7426073760773901,4
95,5,48,omp,10.047511565993773,0.8888888888888888,0.011608242988586426,0.7426169379701419,4
96,5,49,foba_gdt,24.60464174799563,1.0,0.011213229969143867,0.7451900794872224,5
97,5,49,omp,6.825106745993253,1.0,0.011213233694434166,0.7451913085467314,5
98,5,50,foba_gdt,25.047033287002705,1.0,0.011442622169852257,0.7453289283641839,5
99,5,50,omp,4.765780139001436,1.0,0.011442621238529682,0.7453446872844839,5
100,6,51,foba_gdt,29.20188450400019,0.8333333333333334,0.011102667078375816,0.7498829691691042,6
101,6,51,omp,4.617479334992822,0.8333333333333334,0.011102665215730667,0.7498876382050768,6
102,6,52,foba_gdt,30.463959720000275,0.8,0.012295745313167572,0.7405467956296784,4
103,6,52,omp,4.763722364994464,0.8333333333333334,0.012057827785611153,0.7401462245472417,6
104,6,53,foba_gdt,29.763717432011617,0.9230769230769231,0.012190372683107853,0.7478686216614145,7
105,6,53,omp,4.979863160013338,0.6,0.011355208232998848,0.7573375893919864,14
106,6,54,foba_gdt,27.229874895012472,0.9090909090909091,0.01195836253464222,0.7395826242388523,5
107,6,54,omp,4.845799718008493,0.7692307692307693,0.011704745702445507,0.7451936294240088,7
108,6,55,foba_gdt,33.04984587599756,0.9090909090909091,0.011243682354688644,0.747374202934121,5
109,6,55,omp,5.39755453800899,0.9090909090909091,0.011243686079978943,0.7474040589605238,5
110,6,56,foba_gdt,28.944149139992078,0.9090909090909091,0.011767285875976086,0.7450942990105327,5
111,6,56,omp,4.64240525799687,0.9090909090909091,0.01176728866994381,0.7450941540644216,5
112,6,57,foba_gdt,23.362917159000062,0.9230769230769231,0.01155178528279066,0.7452862667669652,7
113,6,57,omp,4.091258286993252,0.9230769230769231,0.011551788076758385,0.7452867773063023,7
114,6,58,foba_gdt,33.26456775498809,1.0,0.01128416694700718,0.7462218180063089,6
115,6,58,omp,4.493200160010019,0.9090909090909091,0.011451399885118008,0.7455108622399336,5
116,6,59,foba_gdt,34.12545758300985,0.8,0.013440532609820366,0.7332143538796194,4
117,6,59,omp,5.080324737005867,0.5555555555555556,0.01202591136097908,0.7510208259907815,12
118,6,60,foba_gdt,28.77009344600083,1.0,0.011698105372488499,0.741192764517774,6
119,6,60,omp,4.200823994004168,1.0,0.011698099784553051,0.7411923667057978,6
120,6,61,foba_gdt,28.011370435997378,0.8,0.01134193129837513,0.7498906130770283,4
121,6,61,omp,4.111462569999276,0.8,0.01134193129837513,0.7498928590456455,4
122,6,62,foba_gdt,32.42113070900086,0.9090909090909091,0.011342743411660194,0.746064113707216,5
123,6,62,omp,5.465247814994655,0.9090909090909091,0.011342749930918217,0.7460617229873786,5
124,6,63,foba_gdt,30.74097641899425,0.7692307692307693,0.011227140203118324,0.7517499350186017,7
125,6,63,omp,4.336447017005412,0.8,0.011700938455760479,0.7481946763823809,4
126,6,64,foba_gdt,25.936813708001864,1.0,0.011965041048824787,0.7395026259253148,6
127,6,64,omp,6.648708503998932,1.0,0.011965041980147362,0.7395005273110525,6
128,6,65,foba_gdt,32.123453765991144,0.9090909090909091,0.0126634631305933,0.736752178027156,5
129,6,65,omp,5.79069081399939,0.9090909090909091,0.012663456611335278,0.7367526600936403,5
130,6,66,foba_gdt,31.182496047986206,1.0,0.011283484287559986,0.7446583161548908,6
131,6,66,omp,9.019258141997852,1.0,0.011283488012850285,0.7446565964495131,6
132,6,67,foba_gdt,24.85011508599564,0.9090909090909091,0.012851569801568985,0.7424464882438045,5
133,6,67,omp,8.159597410005517,0.8333333333333334,0.012374889105558395,0.7460046620043373,6
134,6,68,foba_gdt,24.514283854005043,0.8,0.011993175372481346,0.7448042587108011,4
135,6,68,omp,4.999022099989816,0.8,0.011993173509836197,0.744853505248008,4
136,6,69,foba_gdt,32.740014017996145,1.0,0.01079237088561058,0.7500262940980116,6
137,6,69,omp,8.707974222998018,1.0,0.010792369022965431,0.7500406141718834,6
138,6,70,foba_gdt,25.459852582003805,0.9090909090909091,0.011931929737329483,0.743284392123044,5
139,6,70,omp,6.003732947006938,0.9090909090909091,0.011931936256587505,0.7432870279059027,5
140,6,71,foba_gdt,27.52140486400458,1.0,0.011650996282696724,0.7444892658742013,6
141,6,71,omp,9.006142130994704,1.0,0.01165099535137415,0.7445289286982776,6
142,6,72,foba_gdt,25.89144510499318,0.9090909090909091,0.011879012919962406,0.7414282988561298,5
143,6,72,omp,6.007803715998307,0.9090909090909091,0.011879016645252705,0.7414442022849088,5
144,6,73,foba_gdt,27.89807975900476,1.0,0.0117407301440835,0.7417129578266424,6
145,6,73,omp,6.2004310409975005,0.8,0.0113383112475276,0.7499199473285294,9
146,6,74,foba_gdt,23.788776658999268,0.9090909090909091,0.011198597028851509,0.7503040486017234,5
147,6,74,omp,5.696285369005636,0.9090909090909091,0.011198598891496658,0.7503036709588145,5
148,6,75,foba_gdt,25.461967263996485,0.9090909090909091,0.01167995110154152,0.7422419747945741,5
149,6,75,omp,5.245220796001377,0.8333333333333334,0.011525590904057026,0.7454453065267787,6
150,6,76,foba_gdt,33.82849837599497,0.9090909090909091,0.011499335058033466,0.7446907946615132,5
151,6,76,omp,6.839889816008508,0.9090909090909091,0.01149933971464634,0.7447066050704374,5
152,6,77,foba_gdt,28.231908106987248,0.8,0.011706016026437283,0.7440698057780445,4
153,6,77,omp,5.243179430006421,0.8,0.011706016957759857,0.7440712107832954,4
154,6,78,foba_gdt,26.094020018004812,0.9090909090909091,0.011197309009730816,0.7465977739876067,5
155,6,78,omp,7.837217826003325,0.9090909090909091,0.011197308078408241,0.7465977817071863,5
156,6,79,foba_gdt,28.4316145079938,0.9090909090909091,0.01243077963590622,0.7382303662004428,5
157,6,79,omp,8.447388539003441,0.9090909090909091,0.012430772185325623,0.7382293959998233,5
158,6,80,foba_gdt,26.00683328100422,1.0,0.011811396107077599,0.7414041101017935,6
159,6,80,omp,8.478013636005926,1.0,0.0118113923817873,0.7413946896605432,6
160,6,81,foba_gdt,23.797152418992482,0.9090909090909091,0.011791989207267761,0.7423349738037567,5
161,6,81,omp,6.759007877990371,0.9090909090909091,0.011791989207267761,0.7423350284098666,5
162,6,82,foba_gdt,26.137257677997695,0.9090909090909091,0.012840471230447292,0.7407449503561904,5
163,6,82,omp,4.754709323999123,0.8,0.012009063735604286,0.7475478150772233,9
164,6,83,foba_gdt,29.89937617800024,1.0,0.011409008875489235,0.7440581270230741,6
165,6,83,omp,8.523067700996762,1.0,0.011409011669456959,0.7440584762656596,6
166,6,84,foba_gdt,27.646085993997985,0.8,0.012082485482096672,0.7422647657804744,4
167,6,84,omp,6.113671011989936,0.8,0.012082481756806374,0.7422715032602771,4
168,6,85,foba_gdt,27.690239589996054,1.0,0.011136122047901154,0.7494594359935054,6
169,6,85,omp,13.72021570400102,1.0,0.011136120185256004,0.7494560220306745,6
170,6,86,foba_gdt,30.087212824000744,1.0,0.011645574122667313,0.7419963910013732,6
171,6,86,omp,8.792298375003156,1.0,0.011645571328699589,0.7419989083257319,6
172,6,87,foba_gdt,33.19888031198934,0.7272727272727273,0.012018184177577496,0.7479073025031918,5
173,6,87,omp,6.002944264997495,0.7272727272727273,0.012018187902867794,0.7479074641480937,5
174,6,88,foba_gdt,26.9826033339923,1.0,0.01117992214858532,0.7461078326947727,6
175,6,88,omp,5.263423065000097,1.0,0.01117992214858532,0.7461077525931807,6
176,6,89,foba_gdt,24.362294752994785,0.8,0.010601050220429897,0.7540322539988592,4
177,6,89,omp,11.51860186700651,0.8,0.010601058602333069,0.7540326652636066,4
178,6,90,foba_gdt,30.92665029699856,0.8571428571428571,0.011064358986914158,0.7496814528677598,8
179,6,90,omp,5.47070184200129,0.9090909090909091,0.011312776245176792,0.7468288294237789,5
180,6,91,foba_gdt,32.727677011993364,1.0,0.012748558074235916,0.732702654244687,6
181,6,91,omp,5.247756406999542,1.0,0.012748559936881065,0.7327123617177654,6
182,6,92,foba_gdt,27.708561650986667,0.9090909090909091,0.012073146179318428,0.7377831230723199,5
183,6,92,omp,11.783277260998148,0.9090909090909091,0.012073145247995853,0.737799437305681,5
184,6,93,foba_gdt,26.68563858199923,1.0,0.012942862696945667,0.7334284125575883,6
185,6,93,omp,8.959174613992218,0.9090909090909091,0.01326499879360199,0.7366035394743063,5
186,6,94,foba_gdt,27.8857590869884,1.0,0.011898770928382874,0.7426433926854671,6
187,6,94,omp,11.301130444000592,0.9230769230769231,0.011682315729558468,0.7454160659602762,7
188,6,95,foba_gdt,25.229295676996117,0.8,0.010182198137044907,0.759240253277899,9
189,6,95,omp,7.8033161200000905,0.9090909090909091,0.010493502952158451,0.7556189787696372,5
190,6,96,foba_gdt,25.23474807200546,0.8333333333333334,0.01088729128241539,0.7508783517341496,6
191,6,96,omp,5.05164851299196,0.9090909090909091,0.010980605147778988,0.748734940881894,5
192,6,97,foba_gdt,28.4927659919922,1.0,0.01200694590806961,0.7397834549641705,6
193,6,97,omp,9.11145287900581,1.0,0.012006953358650208,0.7397826421490203,6
194,6,98,foba_gdt,25.094566468003904,0.9090909090909091,0.010951489210128784,0.7505433304170449,5
195,6,98,omp,6.501364089999697,0.9090909090909091,0.010951491072773933,0.7505494257841119,5
196,6,99,foba_gdt,26.451613047000137,0.9090909090909091,0.012278043664991856,0.7374696228710499,5
197,6,99,omp,11.505876877999981,0.9090909090909091,0.012278049252927303,0.7374704840606848,5
198,6,100,foba_gdt,24.50330262600619,0.8333333333333334,0.012598477303981781,0.7406033791399138,6
199,6,100,omp,5.735946674001752,0.8333333333333334,0.012598482891917229,0.7406001836063887,6
200,7,101,foba_gdt,29.766961440996965,0.8333333333333334,0.01260596513748169,0.7382484274439165,5
201,7,101,omp,5.586784129001899,0.8333333333333334,0.012605960480868816,0.7382542581695207,5
202,7,102,foba_gdt,27.7806081680028,0.9230769230769231,0.012002192437648773,0.7410376567287872,6
203,7,102,omp,5.662438211002154,0.9230769230769231,0.012002198025584221,0.7410360382383021,6
204,7,103,foba_gdt,27.229811284996686,0.8235294117647058,0.011455574072897434,0.748630161262524,10
205,7,103,omp,4.2977517990075285,0.8333333333333334,0.012110747396945953,0.7430721044048201,5
206,7,104,foba_gdt,32.25027246699028,0.9333333333333333,0.011902251280844212,0.742232613727516,8
207,7,104,omp,4.933104415991693,0.9333333333333333,0.011902252212166786,0.7422320309000126,8
208,7,105,foba_gdt,27.45777125300083,0.7272727272727273,0.012570638209581375,0.7383804827014764,4
209,7,105,omp,5.6781315820117015,0.7272727272727273,0.01257063914090395,0.738378579597425,4
210,7,106,foba_gdt,26.457818553011748,0.9230769230769231,0.01231862511485815,0.739523580594,6
211,7,106,omp,11.450733834994026,0.7058823529411765,0.011702992022037506,0.7498424588642207,10
212,7,107,foba_gdt,27.374653605002095,0.9230769230769231,0.0125355776399374,0.7387314912045964,6
213,7,107,omp,11.496295514996746,0.9230769230769231,0.012535576708614826,0.7387302018859639,6
214,7,108,foba_gdt,34.07331877600518,0.8333333333333334,0.013016422279179096,0.7323235970878234,5
215,7,108,omp,5.495549553990713,0.7272727272727273,0.013294762000441551,0.7348832245885963,4
216,7,109,foba_gdt,28.10689956700662,0.9333333333333333,0.01100465189665556,0.7494416108790971,8
217,7,109,omp,5.427889523998601,1.0,0.011115883477032185,0.7467516142640043,7
218,7,110,foba_gdt,26.478196985000977,0.9230769230769231,0.011289426125586033,0.7460844595346197,6
219,7,110,omp,10.831693196989363,0.9230769230769231,0.011289434507489204,0.7460845569996581,6
220,7,111,foba_gdt,31.75291968800593,0.8571428571428571,0.01223014947026968,0.7413184247345951,7
221,7,111,omp,6.549419287999626,0.75,0.012007097713649273,0.7442865697747072,9
222,7,112,foba_gdt,30.792285271003493,0.8333333333333334,0.011746104806661606,0.741948071031639,5
223,7,112,omp,6.481857967999531,0.8333333333333334,0.011746106669306755,0.741984962534113,5
224,7,113,foba_gdt,27.170780464992276,0.8333333333333334,0.011891485191881657,0.7423967787079829,5
225,7,113,omp,8.919733716000337,0.7692307692307693,0.011684040538966656,0.7459837709363598,6
226,7,114,foba_gdt,27.342974112994852,0.8333333333333334,0.012234111316502094,0.7391701739442796,5
227,7,114,omp,9.561362159991404,0.8333333333333334,0.012234114110469818,0.7391741313357794,5
228,7,115,foba_gdt,28.833844538996345,1.0,0.012589615769684315,0.7350155330899069,7
229,7,115,omp,9.923792019995744,1.0,0.012589621357619762,0.7350246167705351,7
230,7,116,foba_gdt,23.260918209998636,0.7272727272727273,0.011821942403912544,0.7418955214538336,4
231,7,116,omp,7.073849264008459,0.7272727272727273,0.01182193960994482,0.7419244874928125,4
232,7,117,foba_gdt,25.78086803299084,0.8333333333333334,0.012108738534152508,0.7430254022487042,5
233,7,117,omp,7.668206836009631,0.8333333333333334,0.01210874319076538,0.7430269516807658,5
234,7,118,foba_gdt,29.464895919008995,0.8333333333333334,0.011584458872675896,0.7444991246048303,5
235,7,118,omp,11.799964239995461,0.8333333333333334,0.011584454216063023,0.7445104197204178,5
236,7,119,foba_gdt,24.452683941010037,0.7272727272727273,0.013558626174926758,0.7300678248732334,4
237,7,119,omp,8.2410717390012,0.7272727272727273,0.013558625243604183,0.7300756564917442,4
238,7,120,foba_gdt,23.639738241996383,1.0,0.012487063184380531,0.7389260028629578,7
239,7,120,omp,9.123768748002476,1.0,0.012487062253057957,0.7389236458103968,7
240,7,121,foba_gdt,26.911672554997494,0.7692307692307693,0.01309920847415924,0.7403860227927067,6
241,7,121,omp,9.51584079299937,0.7142857142857143,0.012858390808105469,0.745559753200741,7
242,7,122,foba_gdt,27.03412873399793,1.0,0.011095264926552773,0.7470736755425288,7
243,7,122,omp,7.886743030991056,1.0,0.011095264926552773,0.7470762782356125,7
244,7,123,foba_gdt,23.365830886003096,1.0,0.01087795477360487,0.7496091676202116,7
245,7,123,omp,7.491122423991328,1.0,0.010877955704927444,0.7496085943600035,7
246,7,124,foba_gdt,25.512927017000038,0.7058823529411765,0.010817255824804306,0.7554548492817519,10
247,7,124,omp,5.875028412003303,0.9230769230769231,0.011219662614166737,0.7480022342005153,6
248,7,125,foba_gdt,29.73307555100473,0.8333333333333334,0.011539322324097157,0.7460583009653302,5
249,7,125,omp,8.597388426001999,0.8333333333333334,0.011539326049387455,0.746057669817334,5
250,7,126,foba_gdt,24.880807442998048,0.6,0.012683628126978874,0.7432941160910609,3
251,7,126,omp,8.308335277004517,0.631578947368421,0.011613969691097736,0.7512612859006625,12
252,7,127,foba_gdt,23.311049191004713,0.7692307692307693,0.011890500783920288,0.7504733468626843,6
253,7,127,omp,4.395188272988889,0.625,0.011320944875478745,0.7561251504375573,9
254,7,128,foba_gdt,31.54958357900614,0.8333333333333334,0.011527673341333866,0.744532367351155,5
255,7,128,omp,4.171679221006343,0.8333333333333334,0.011527672410011292,0.7445325263621202,5
256,7,129,foba_gdt,32.14293795899721,0.9230769230769231,0.010822633281350136,0.7522961413489475,6
257,7,129,omp,4.285258470001281,0.9230769230769231,0.010822641663253307,0.7522957171839912,6
258,7,130,foba_gdt,30.304860978008946,0.9230769230769231,0.012378520332276821,0.7395688612422384,6
259,7,130,omp,4.113989853998646,0.8571428571428571,0.012207980267703533,0.7428883287997514,7
260,7,131,foba_gdt,27.7427677950036,0.9230769230769231,0.012596121057868004,0.7386154028836498,6
261,7,131,omp,4.260708900008467,0.8333333333333334,0.012959861196577549,0.7405279588141986,5
262,7,132,foba_gdt,32.41237596400606,0.8333333333333334,0.012756864540278912,0.7491561921216046,5
263,7,132,omp,4.332468603999587,0.8333333333333334,0.01275685615837574,0.7491519523464137,5
264,7,133,foba_gdt,32.32946136999817,0.6086956521739131,0.011047952808439732,0.7589846401574561,16
265,7,133,omp,4.4179692739999155,0.7058823529411765,0.011466500349342823,0.7529220246637967,10
266,7,134,foba_gdt,21.433977183987736,0.9230769230769231,0.013868441805243492,0.7371660251495974,6
267,7,134,omp,4.689601663994836,0.9230769230769231,0.01386844553053379,0.7372219799332798,6
268,7,135,foba_gdt,29.14885416200559,1.0,0.011131040751934052,0.7475541575814798,7
269,7,135,omp,5.3145301199983805,1.0,0.011131040751934052,0.7475587040076548,7
270,7,136,foba_gdt,27.828000694993534,1.0,0.01258860994130373,0.7351104429520392,7
271,7,136,omp,5.248787215008633,0.875,0.012224185280501842,0.7410785740115046,9
272,7,137,foba_gdt,28.064537243990344,0.9230769230769231,0.011991657316684723,0.7440485518071783,6
273,7,137,omp,5.066446121010813,0.9230769230769231,0.011991658248007298,0.744047548737919,6
274,7,138,foba_gdt,27.497405710993917,0.9230769230769231,0.010679793544113636,0.7513721383977886,6
275,7,138,omp,4.649078004993498,0.9230769230769231,0.010679783299565315,0.7513705621415425,6
276,7,139,foba_gdt,32.464457739988575,0.75,0.012003923766314983,0.7533995730718519,9
277,7,139,omp,4.897426708004787,0.75,0.012013689614832401,0.7517923717894444,9
278,7,140,foba_gdt,30.921439382000244,0.7142857142857143,0.01204534713178873,0.7414331727001162,7
279,7,140,omp,4.797621848003473,0.6,0.012697074562311172,0.7370427664008157,3
280,7,141,foba_gdt,33.007214798999485,0.7272727272727273,0.012856567278504372,0.7372865057645461,4
281,7,141,omp,4.633258729998488,0.7272727272727273,0.012856563553214073,0.7372886529984138,4
282,7,142,foba_gdt,30.721056152993697,0.7692307692307693,0.012555891647934914,0.7414256200435212,6
283,7,142,omp,4.177413105004234,0.8333333333333334,0.012802242301404476,0.7366121644854691,5
284,7,143,foba_gdt,32.71527416000026,0.9230769230769231,0.01217613834887743,0.7388497841123294,6
285,7,143,omp,4.058935574998031,0.8571428571428571,0.012006320990622044,0.7425462901126865,7
286,7,144,foba_gdt,30.804866798003786,0.8333333333333334,0.012384176254272461,0.7417551538289169,5
287,7,144,omp,4.213376908999635,0.631578947368421,0.011419910006225109,0.753956911135655,12
288,7,145,foba_gdt,30.31187381199561,0.8333333333333334,0.012615479528903961,0.7361476819467065,5
289,7,145,omp,4.274289018008858,0.8333333333333334,0.012615478597581387,0.7361476595409848,5
290,7,146,foba_gdt,37.214476928988006,1.0,0.011194908991456032,0.7457515095332744,7
291,7,146,omp,4.7192554350040155,1.0,0.011194911785423756,0.74574494254627,7
292,7,147,foba_gdt,34.03156388300704,0.631578947368421,0.010793185792863369,0.7622398758858535,12
293,7,147,omp,5.235943274994497,0.8571428571428571,0.011356206610798836,0.7521646744286528,7
294,7,148,foba_gdt,33.13597123400541,0.75,0.011789687909185886,0.7526354403659827,9
295,7,148,omp,5.106243076996179,0.6,0.013651295565068722,0.7486839974718166,3
296,7,149,foba_gdt,32.23195593499986,1.0,0.010525892488658428,0.7547005548898975,7
297,7,149,omp,5.114580777008086,1.0,0.010525898076593876,0.7547039921157588,7
298,7,150,foba_gdt,30.714672257992788,0.5833333333333334,0.010858375579118729,0.7615336192324603,17
299,7,150,omp,4.723593834001804,0.9230769230769231,0.012257148511707783,0.7446400922636587,6
300,8,151,foba_gdt,28.341340688988566,0.9333333333333333,0.011374171823263168,0.7460916627527371,7
301,8,151,omp,4.266153032993316,0.9333333333333333,0.011374175548553467,0.7460910930460285,7
302,8,152,foba_gdt,29.967109871009598,0.8571428571428571,0.012517054565250874,0.736821125461444,6
303,8,152,omp,5.0882390740007395,0.75,0.012121059000492096,0.7438989437974062,8
304,8,153,foba_gdt,36.1783012310043,0.9333333333333333,0.011579972691833973,0.7434747004180002,7
305,8,153,omp,4.530705013996339,0.875,0.011442437767982483,0.7465127126271842,8
306,8,154,foba_gdt,33.688110530012636,1.0,0.012161342427134514,0.739649605155772,8
307,8,154,omp,5.544047269999282,0.9411764705882353,0.01196022517979145,0.7434580199071436,9
308,8,155,foba_gdt,33.1340524309926,0.9333333333333333,0.010982499457895756,0.748307577272336,7
309,8,155,omp,5.356775241001742,1.0,0.01089808065444231,0.7482370809785415,8
310,8,156,foba_gdt,31.786782981012948,0.9411764705882353,0.012495169416069984,0.7418330069504813,9
311,8,156,omp,4.6547718410001835,0.8888888888888888,0.0122833251953125,0.7449645937952446,10
312,8,157,foba_gdt,31.719750547010335,1.0,0.011176427826285362,0.7477535427878601,8
313,8,157,omp,5.210979765004595,1.0,0.011176425032317638,0.7477580786001052,8
314,8,158,foba_gdt,27.888941102006356,0.8571428571428571,0.010933318175375462,0.7509229558920613,6
315,8,158,omp,6.452179834988783,0.8571428571428571,0.010933314450085163,0.7509377491502456,6
316,8,159,foba_gdt,30.872263789991848,0.7619047619047619,0.011249980889260769,0.7519051974362526,13
317,8,159,omp,5.542957170007867,0.6666666666666666,0.011080889962613583,0.755204102360807,16
318,8,160,foba_gdt,32.6938372200093,1.0,0.012081187218427658,0.7402905141784883,8
319,8,160,omp,5.073889609993785,1.0,0.012081188149750233,0.7402877416042546,8
320,8,161,foba_gdt,31.30422733600426,0.875,0.011209805496037006,0.7487069926360497,8
321,8,161,omp,4.540421672005323,0.9333333333333333,0.011345784179866314,0.7454293768326012,7
322,8,162,foba_gdt,30.088274285008083,1.0,0.011012054048478603,0.7478026645190711,8
323,8,162,omp,5.085331566995592,1.0,0.011012053117156029,0.7478026689256004,8
324,8,163,foba_gdt,30.875623155006906,0.9333333333333333,0.012150941416621208,0.7389561499663562,7
325,8,163,omp,4.721447664996958,0.9333333333333333,0.012150942347943783,0.7389551440072115,7
326,8,164,foba_gdt,34.22534242398979,0.7692307692307693,0.013431716710329056,0.7414477496013993,5
327,8,164,omp,5.857232764989021,0.9333333333333333,0.012837913818657398,0.7344789185661911,7
328,8,165,foba_gdt,31.728934062994085,0.8571428571428571,0.011635201051831245,0.7429064802012706,6
329,8,165,omp,6.059060965009849,0.8571428571428571,0.011635205708444118,0.742907078967236,6
330,8,166,foba_gdt,36.67624876598711,0.9333333333333333,0.012009664438664913,0.7386061232392376,7
331,8,166,omp,6.671226491991547,0.8571428571428571,0.012229611165821552,0.740938932622319,6
332,8,167,foba_gdt,34.40658238000469,1.0,0.01185100432485342,0.7404946677518739,8
333,8,167,omp,8.53834708299837,0.8,0.011535038240253925,0.7469809249804327,12
334,8,168,foba_gdt,34.28183630600688,1.0,0.011343663558363914,0.7454408587450269,8
335,8,168,omp,8.728170895003132,1.0,0.011343668214976788,0.7454402691842468,8
336,8,169,foba_gdt,30.474655193000217,0.8,0.01105108018964529,0.7492173996412428,7
337,8,169,omp,7.772696207990521,0.8571428571428571,0.01114669069647789,0.7468981503203047,6
338,8,170,foba_gdt,29.943515203005518,0.8571428571428571,0.012661700136959553,0.7348119877708807,6
339,8,170,omp,5.6309989010042045,0.5714285714285714,0.011761694215238094,0.7507789816334313,13
340,8,171,foba_gdt,29.257620495991432,0.8571428571428571,0.011447681114077568,0.7490016460419224,6
341,8,171,omp,5.11247392000223,0.8571428571428571,0.011447685770690441,0.7490458348286889,6
342,8,172,foba_gdt,29.664343209005892,0.8571428571428571,0.012322969734668732,0.7397709777359316,6
343,8,172,omp,5.0315656019956805,0.8571428571428571,0.012322968803346157,0.7397666725353809,6
344,8,173,foba_gdt,31.513224586000433,0.9333333333333333,0.01143704541027546,0.7449720842450984,7
345,8,173,omp,4.865819743004977,0.9333333333333333,0.01143704168498516,0.7449735360103633,7
346,8,174,foba_gdt,34.020946346005076,0.8571428571428571,0.012760165147483349,0.7352071018352838,6
347,8,174,omp,4.87904165800137,0.9333333333333333,0.012557094916701317,0.734583381753364,7
348,8,175,foba_gdt,32.28779159899568,0.9333333333333333,0.011060657911002636,0.748818684041995,7
349,8,175,omp,5.398924452994834,0.9333333333333333,0.011060656048357487,0.748841683545794,7
350,8,176,foba_gdt,26.910712920987862,0.9411764705882353,0.011474400758743286,0.7460048068290374,9
351,8,176,omp,5.949106097992626,0.9411764705882353,0.011474395170807838,0.7460063962412155,9
352,8,177,foba_gdt,27.792586388997734,1.0,0.011186191812157631,0.7471554073737496,8
353,8,177,omp,5.033740400991519,0.9333333333333333,0.011360102333128452,0.7486162386687295,7
354,8,178,foba_gdt,33.708106281992514,0.9333333333333333,0.011287027038633823,0.7465078870989694,7
355,8,178,omp,4.075874140995438,0.9333333333333333,0.011287020519375801,0.7465063832716304,7
356,8,179,foba_gdt,28.521283002002747,0.9333333333333333,0.011411018669605255,0.7482566302310273,7
357,8,179,omp,4.8692140510102035,0.9333333333333333,0.011411028914153576,0.7482642541696761,7
358,8,180,foba_gdt,30.275086391993682,0.8571428571428571,0.010777871124446392,0.7518040784102384,6
359,8,180,omp,4.429781598999398,0.8571428571428571,0.010777872987091541,0.7518040895324987,6
360,8,181,foba_gdt,35.96736695599975,0.9333333333333333,0.01194258127361536,0.7422912504412815,7
361,8,181,omp,4.335720375995152,0.875,0.011822724714875221,0.7444563151360654,8
362,8,182,foba_gdt,34.108620856000925,0.75,0.012294111773371696,0.745268376170682,8
363,8,182,omp,4.156859315990005,0.7058823529411765,0.012175662443041801,0.7468278496966254,9
364,8,183,foba_gdt,30.3447567109979,0.9333333333333333,0.011477825231850147,0.7451965079339414,7
365,8,183,omp,8.034132933011279,0.9333333333333333,0.011477823369204998,0.7451974033223162,7
366,8,184,foba_gdt,30.29508752800757,0.8571428571428571,0.011182134971022606,0.7470617278279186,6
367,8,184,omp,5.695386990002589,0.8571428571428571,0.011182134039700031,0.7470609883256458,6
368,8,185,foba_gdt,34.06746049699723,0.9411764705882353,0.012201734818518162,0.7451718468615598,9
369,8,185,omp,4.983966189000057,0.7142857142857143,0.012787488289177418,0.7496848301435416,6
370,8,186,foba_gdt,30.598114526001154,0.9333333333333333,0.011976719833910465,0.7420953355770993,7
371,8,186,omp,5.095306278002681,0.9333333333333333,0.011976717039942741,0.7420952189066915,7
372,8,187,foba_gdt,32.77335459100141,0.8571428571428571,0.012867632322013378,0.7333437611758737,6
373,8,187,omp,5.872123519991874,0.8571428571428571,0.012867630459368229,0.7333439105969795,6
374,8,188,foba_gdt,37.56571794800402,1.0,0.01115522813051939,0.7478577584453359,8
375,8,188,omp,5.910065437987214,1.0,0.011155226267874241,0.7478582766718505,8
376,8,189,foba_gdt,32.61637353399419,0.8571428571428571,0.01292535662651062,0.7378268547648793,6
377,8,189,omp,5.1474258989910595,0.8571428571428571,0.012925355695188046,0.7378244429446589,6
378,8,190,foba_gdt,28.676919127989095,1.0,0.011026348918676376,0.7474087226201674,8
379,8,190,omp,8.152382372994907,1.0,0.01102635357528925,0.7474089602673741,8
380,8,191,foba_gdt,30.93512104799447,0.8571428571428571,0.012428482063114643,0.7438844880255822,6
381,8,191,omp,5.992869091001921,0.6666666666666666,0.011620699428021908,0.7515383572639478,13
382,8,192,foba_gdt,33.6291093990003,0.8,0.012114509008824825,0.7451350595360566,7
383,8,192,omp,4.984404863003874,0.8571428571428571,0.012358204461634159,0.740679199761574,6
384,8,193,foba_gdt,31.7184140390018,0.9333333333333333,0.011070111766457558,0.7485231997683008,7
385,8,193,omp,5.675999387007323,0.9333333333333333,0.011070112697780132,0.7485221733539908,7
386,8,194,foba_gdt,34.17546846400364,0.9333333333333333,0.012397656217217445,0.7418604807205131,7
387,8,194,omp,5.314253208998707,0.9333333333333333,0.0123976469039917,0.7418815845466276,7
388,8,195,foba_gdt,37.328812587002176,0.875,0.011463169008493423,0.7505272273117167,8
389,8,195,omp,7.398858467000537,0.875,0.011463171802461147,0.7505528284122361,8
390,8,196,foba_gdt,29.668872291993466,0.875,0.011602116748690605,0.7458016875284404,8
391,8,196,omp,6.284564866989967,0.8,0.01171300932765007,0.7472504067973547,7
392,8,197,foba_gdt,29.63513162000163,0.9333333333333333,0.012805623933672905,0.7362735777774623,7
393,8,197,omp,9.388838728991686,1.0,0.012525808997452259,0.7355934814030671,8
394,8,198,foba_gdt,29.622994295001263,0.875,0.01253568660467863,0.7386576775116621,8
395,8,198,omp,5.903292065006099,0.9333333333333333,0.01275764498859644,0.7351689786980999,7
396,8,199,foba_gdt,29.38100647299143,0.9411764705882353,0.012165158987045288,0.7389727771908442,9
397,8,199,omp,8.573560263001127,1.0,0.012286871671676636,0.7364168287392513,8
398,8,200,foba_gdt,27.140463099000044,0.8571428571428571,0.012218480929732323,0.743562579446106,6
399,8,200,omp,10.787314739005524,0.7058823529411765,0.011609051376581192,0.7519213275233441,9
400,9,201,foba_gdt,27.337058071992942,0.8,0.012717959471046925,0.7393828881622184,6
401,9,201,omp,8.538051034003729,0.8,0.012717950157821178,0.7393925893693085,6
402,9,202,foba_gdt,31.94849324900133,0.8888888888888888,0.010866248048841953,0.7540704042947338,9
403,9,202,omp,6.074265386996558,0.8888888888888888,0.010866247117519379,0.7540703896344783,9
404,9,203,foba_gdt,30.522853378002765,0.8888888888888888,0.011189536191523075,0.750785970212771,9
405,9,203,omp,7.109866657003295,0.875,0.01144442893564701,0.7496595670657595,7
406,9,204,foba_gdt,31.26147081099043,0.9473684210526315,0.011908208020031452,0.7432557877343763,10
407,9,204,omp,10.089795799009153,0.9,0.011807632632553577,0.7444780740671133,11
408,9,205,foba_gdt,30.03040790600062,1.0,0.011457712389528751,0.746670795939709,9
409,9,205,omp,8.517023774998961,1.0,0.011457708664238453,0.7467062875538633,9
410,9,206,foba_gdt,29.55248417799885,0.875,0.012461358681321144,0.7374421283821918,7
411,9,206,omp,9.860927700996399,0.875,0.01246135774999857,0.7374828851574444,7
412,9,207,foba_gdt,25.947009458002867,0.875,0.012485234998166561,0.7489816591775178,7
413,9,207,omp,7.9836006719997386,0.9411764705882353,0.01208652276545763,0.7424213131844634,8
414,9,208,foba_gdt,30.85879340401152,0.8,0.011474390514194965,0.7475484599093541,6
415,9,208,omp,7.821619452995947,0.8,0.011474388651549816,0.747548404180318,6
416,9,209,foba_gdt,33.64428728399798,0.875,0.011305034160614014,0.7513824707923319,7
417,9,209,omp,6.547884591011098,0.8888888888888888,0.01112693827599287,0.7493928553485322,9
418,9,210,foba_gdt,31.46402070300246,0.8,0.012654395774006844,0.7365728580734643,6
419,9,210,omp,6.868575218002661,0.8,0.012654392048716545,0.7365716766494442,6
420,9,211,foba_gdt,27.698138611987815,0.9411764705882353,0.01284533180296421,0.7321108452515593,8
421,9,211,omp,9.063635111000622,0.9411764705882353,0.012845334596931934,0.7321353993838656,8
422,9,212,foba_gdt,26.1406414249941,0.875,0.012369666248559952,0.7364115815475532,7
423,9,212,omp,10.589676718998817,0.8235294117647058,0.01220755185931921,0.7393817649916047,8
424,9,213,foba_gdt,26.843653268006165,0.7142857142857143,0.013422136195003986,0.7443406360270617,5
425,9,213,omp,5.40364169300301,0.8,0.013157391920685768,0.7404642113912318,6
426,9,214,foba_gdt,29.38194673100952,0.875,0.01191681157797575,0.739649573386794,7
427,9,214,omp,6.681497330995626,0.875,0.011916815303266048,0.7396428725956004,7
428,9,215,foba_gdt,29.415820269001415,0.8421052631578947,0.010549982078373432,0.755785017522191,10
429,9,215,omp,8.099651106007514,0.8888888888888888,0.010607840493321419,0.7543974969886738,9
430,9,216,foba_gdt,32.49470790200576,0.8421052631578947,0.010891145095229149,0.7526109009789836,10
431,9,216,omp,5.097231842009933,0.7619047619047619,0.010739286430180073,0.7554789089867023,12
432,9,217,foba_gdt,31.305245629002457,0.9411764705882353,0.011299101635813713,0.7477415743347724,8
433,9,217,omp,6.079338948999066,0.9411764705882353,0.011299101635813713,0.7477425864955516,8
434,9,218,foba_gdt,26.276488286006497,0.8235294117647058,0.013339206576347351,0.7372888476370059,8
435,9,218,omp,9.444150404000538,0.7777777777777778,0.013079733587801456,0.7398246403444817,9
436,9,219,foba_gdt,28.43058299399854,0.8888888888888888,0.01142469048500061,0.747409978183084,9
437,9,219,omp,7.0786528489989,1.0,0.011433522216975689,0.7464805011667628,9
438,9,220,foba_gdt,30.15837392900721,1.0,0.011896186508238316,0.7411789784008941,9
439,9,220,omp,5.072401095007081,0.9473684210526315,0.011766746640205383,0.743659483095511,10
440,9,221,foba_gdt,29.27407563199813,0.8235294117647058,0.012025177478790283,0.7439333734694559,8
441,9,221,omp,6.493632333993446,0.7777777777777778,0.011910131201148033,0.7460555376102789,9
442,9,222,foba_gdt,31.12845279200701,0.8,0.01163206622004509,0.7493459715200073,6
443,9,222,omp,5.074757560010767,0.8,0.011632069945335388,0.7493870382516792,6
444,9,223,foba_gdt,34.201751644999604,0.9411764705882353,0.012479671277105808,0.7421150311854133,8
445,9,223,omp,4.51724844299315,0.9411764705882353,0.012479668483138084,0.7421332772976013,8
446,9,224,foba_gdt,30.909354834991973,0.9411764705882353,0.011432950384914875,0.7447658789957181,8
447,9,224,omp,4.664588853993337,0.9411764705882353,0.011432943865656853,0.7447633385312639,8
448,9,225,foba_gdt,28.17464128800202,0.9411764705882353,0.011574996635317802,0.7452815086010481,8
449,9,225,omp,9.627386239997577,0.9411764705882353,0.01157500222325325,0.7452830718075554,8
450,9,226,foba_gdt,30.39115007100918,0.8571428571428571,0.011719578877091408,0.7467539892286595,12
451,9,226,omp,8.152069621006376,0.8571428571428571,0.011719576083123684,0.7467543634288152,12
452,9,227,foba_gdt,26.600467174997902,0.8,0.013004878535866737,0.740064938313272,6
453,9,227,omp,6.692378240011749,0.8,0.013004880398511887,0.7400642871770561,6
454,9,228,foba_gdt,29.279198211996118,0.875,0.011548617854714394,0.7471372868100058,7
455,9,228,omp,6.491602530993987,0.875,0.01154861319810152,0.747140276295711,7
456,9,229,foba_gdt,33.031322088994784,0.875,0.011971146799623966,0.7441076608446846,7
457,9,229,omp,5.277361357002519,0.875,0.011971144936978817,0.7441084107492626,7
458,9,230,foba_gdt,38.257591974004754,0.8,0.013307063840329647,0.7343320813727889,6
459,9,230,omp,5.613179549007327,0.8,0.01330707035958767,0.7343414929849845,6
460,9,231,foba_gdt,33.33303716899536,0.875,0.012574519962072372,0.735965157470942,7
461,9,231,omp,6.518712734003202,0.8235294117647058,0.01238782424479723,0.7394094240840176,8
462,9,232,foba_gdt,29.0391492130002,0.875,0.012215590104460716,0.7407363358777358,7
463,9,232,omp,7.472249576996546,0.875,0.012215589173138142,0.7407360056950255,7
464,9,233,foba_gdt,28.216882995999185,0.8,0.011544858105480671,0.7485701277719683,6
465,9,233,omp,7.455595278006513,0.7142857142857143,0.011723028495907784,0.7531940900695993,5
466,9,234,foba_gdt,24.099712045994238,0.8421052631578947,0.010814666748046875,0.7534613696819717,10
467,9,234,omp,4.461565930992947,0.8888888888888888,0.010889722965657711,0.7519738055710837,9
468,9,235,foba_gdt,28.117474180005956,0.8,0.010770979337394238,0.7521299398068055,6
469,9,235,omp,4.636877251992701,0.8,0.010770981200039387,0.7521294345388068,6
470,9,236,foba_gdt,30.022233456998947,0.875,0.011831769719719887,0.742013442537879,7
471,9,236,omp,8.085481622998486,0.875,0.011831767857074738,0.7420132571816136,7
472,9,237,foba_gdt,32.169191944994964,0.8,0.011839224956929684,0.744650273108878,6
473,9,237,omp,5.45411062000494,0.8,0.011839221231639385,0.7446493000531228,6
474,9,238,foba_gdt,29.130227543995716,0.8,0.011347572319209576,0.7451761484806472,6
475,9,238,omp,4.2590475660108496,0.7142857142857143,0.011480368673801422,0.7468267095533679,5
476,9,239,foba_gdt,28.030889642992406,0.8235294117647058,0.012742913328111172,0.7398626893742648,8
477,9,239,omp,8.101004999989527,0.7777777777777778,0.01255099568516016,0.743524396616469,9
478,9,240,foba_gdt,27.10829991400533,0.8888888888888888,0.01166943833231926,0.7446632405773234,9
479,9,240,omp,9.115116259999922,0.8888888888888888,0.011665555648505688,0.7446963701563009,9
480,9,241,foba_gdt,26.000168822007254,0.8,0.012889571487903595,0.7343115552068913,6
481,9,241,omp,6.739874132996192,0.8,0.01288957241922617,0.7343107536842141,6
482,9,242,foba_gdt,27.67152847700345,0.8,0.012230517342686653,0.7398600091489709,6
483,9,242,omp,7.426757048000582,0.8,0.012230521067976952,0.7398584526178702,6
484,9,243,foba_gdt,29.807893996010534,0.8235294117647058,0.012065168470144272,0.7503542431747029,8
485,9,243,omp,10.431593198998598,0.875,0.012275634333491325,0.7472775893652382,7
486,9,244,foba_gdt,29.973277018987574,0.875,0.011968269012868404,0.7401197972967353,7
487,9,244,omp,6.738481037988095,0.875,0.011968262493610382,0.7401016645283248,7
488,9,245,foba_gdt,27.89231815599487,0.631578947368421,0.011847293935716152,0.7527833283308965,10
489,9,245,omp,8.770165145004285,0.5217391304347826,0.01151293609291315,0.7580606006537006,14
490,9,246,foba_gdt,30.14991538198956,0.875,0.011656979098916054,0.7449720631214591,7
491,9,246,omp,8.222736456998973,0.875,0.011656979098916054,0.7449678740006234,7
492,9,247,foba_gdt,26.33059836299799,0.875,0.012759284116327763,0.7410377220199902,7
493,9,247,omp,10.191989672006457,0.875,0.012759287841618061,0.7410941332155481,7
494,9,248,foba_gdt,24.804782731007435,0.875,0.01115790382027626,0.7470602225477629,7
495,9,248,omp,9.002551871002652,0.875,0.011157902888953686,0.7470599371838219,7
496,9,249,foba_gdt,24.841598853003234,0.875,0.01120465062558651,0.7476302975140389,7
497,9,249,omp,6.9712188839912415,0.875,0.011204654350876808,0.7476305129707039,7
498,9,250,foba_gdt,30.44838408700889,0.9473684210526315,0.012067344971001148,0.7414140087379645,10
499,9,250,omp,10.821936445005122,0.9411764705882353,0.012473599053919315,0.7401165330025954,8
500,10,251,foba_gdt,30.709143870990374,0.8888888888888888,0.012403934262692928,0.7367354364853068,8
501,10,251,omp,7.843779718998121,0.8888888888888888,0.012403934262692928,0.7367377752199828,8
502,10,252,foba_gdt,28.264630135003245,0.8235294117647058,0.012915294617414474,0.7390071461327429,7
503,10,252,omp,7.070944081002381,0.8235294117647058,0.012915297411382198,0.739001936407377,7
504,10,253,foba_gdt,29.50727383000776,0.8888888888888888,0.011672649532556534,0.7458835363535739,8
505,10,253,omp,8.461239052005112,0.8888888888888888,0.011672651395201683,0.7458833783054847,8
506,10,254,foba_gdt,29.182079459002125,0.9473684210526315,0.010816960595548153,0.7518384498406254,9
507,10,254,omp,7.6083246679918375,0.9473684210526315,0.010816961526870728,0.7518389093945228,9
508,10,255,foba_gdt,24.43464730300184,0.9473684210526315,0.011525822803378105,0.7420028300193262,9
509,10,255,omp,5.602127247009776,0.8571428571428571,0.011322272010147572,0.7470252055638675,11
510,10,256,foba_gdt,26.42838382300397,0.75,0.011013710871338844,0.7509564784181129,6
511,10,256,omp,9.044487830993603,0.75,0.011013716459274292,0.7509546191902723,6
512,10,257,foba_gdt,29.373484829004155,0.8421052631578947,0.011879323050379753,0.751554326457351,9
513,10,257,omp,7.350240429004771,0.8421052631578947,0.011928072199225426,0.7501159162723313,9
514,10,258,foba_gdt,31.286498015993857,0.5517241379310345,0.011417866684496403,0.7588414898353112,19
515,10,258,omp,7.100589519002824,0.8421052631578947,0.01232021301984787,0.7471274338440023,9
516,10,259,foba_gdt,32.47758527800033,0.8235294117647058,0.013231511227786541,0.7368254322476526,7
517,10,259,omp,8.369381893004174,0.8235294117647058,0.01323151495307684,0.7368440218786454,7
518,10,260,foba_gdt,31.41212954898947,0.9473684210526315,0.01144817192107439,0.7462174077543415,9
519,10,260,omp,7.3888047259970335,0.8181818181818182,0.011144726537168026,0.75225874627387,12
520,10,261,foba_gdt,31.946251276996918,0.8888888888888888,0.011644287034869194,0.7441824797503609,8
521,10,261,omp,6.622728888003621,0.8888888888888888,0.011644281446933746,0.7441868559946658,8
522,10,262,foba_gdt,27.942589301994303,0.8888888888888888,0.012892111204564571,0.7343003264270478,8
523,10,262,omp,9.067855896995752,0.8421052631578947,0.01275379117578268,0.7364378502358633,9
524,10,263,foba_gdt,31.570933852999588,0.8,0.012596852146089077,0.7475127009308966,10
525,10,263,omp,7.096779030995094,0.8,0.012596853077411652,0.7475123153270362,10
526,10,264,foba_gdt,37.861003106998396,0.8888888888888888,0.011945298872888088,0.7395263418299249,8
527,10,264,omp,6.613248545996612,0.8888888888888888,0.01194529328495264,0.7395282539488263,8
528,10,265,foba_gdt,31.520374704996357,0.75,0.01167264673858881,0.7458586624331669,6
529,10,265,omp,8.944450608993066,0.75,0.011672649532556534,0.7458599561505775,6
530,10,266,foba_gdt,29.342602083008387,0.8235294117647058,0.01198104489594698,0.7420800878817415,7
531,10,266,omp,8.448173810000299,0.8235294117647058,0.01198104489594698,0.74207874074401,7
532,10,267,foba_gdt,33.71849413799646,0.9473684210526315,0.011933563277125359,0.7403586340780004,9
533,10,267,omp,4.779681671003345,0.9,0.011793350800871849,0.7436235206367056,10
534,10,268,foba_gdt,32.31838311199681,0.75,0.012125995941460133,0.7460431468768078,6
535,10,268,omp,5.220146761988872,0.7777777777777778,0.011792182922363281,0.7454789965368093,8
536,10,269,foba_gdt,30.850246021000203,0.8888888888888888,0.013814203441143036,0.7258896479722168,8
537,10,269,omp,5.023240757000167,0.8888888888888888,0.013814203441143036,0.7258897464363652,8
538,10,270,foba_gdt,29.161809684999753,0.7058823529411765,0.012404636479914188,0.7478551569509977,7
539,10,270,omp,6.456018602999393,0.6666666666666666,0.012266943231225014,0.7493783236409601,8
540,10,271,foba_gdt,29.57371204800438,0.9473684210526315,0.011659318581223488,0.7441606111088473,9
541,10,271,omp,10.19670508299896,0.8571428571428571,0.011416413821280003,0.7480223327386087,11
542,10,272,foba_gdt,30.082992181996815,1.0,0.011844133026897907,0.7407140515523798,10
543,10,272,omp,10.121295167002245,0.9523809523809523,0.01176691148430109,0.7424228878567117,11
544,10,273,foba_gdt,32.13908067000739,0.7058823529411765,0.010933658108115196,0.7529761207246435,7
545,10,273,omp,7.184217417991022,0.75,0.01115852128714323,0.7488396099073866,6
546,10,274,foba_gdt,32.88210430400795,0.625,0.01244250126183033,0.7399334882771875,6
547,10,274,omp,4.779250769002829,0.631578947368421,0.012058790773153305,0.7451000637968151,9
548,10,275,foba_gdt,31.08353315599379,0.8235294117647058,0.011151012033224106,0.7496212860683671,7
549,10,275,omp,4.823645680997288,0.8235294117647058,0.011151011101901531,0.7496243599717417,7
550,10,276,foba_gdt,31.949660982005298,0.8235294117647058,0.011914549395442009,0.7420097858994078,7
551,10,276,omp,5.346305141996709,0.8235294117647058,0.011914548464119434,0.7420320243754805,7
552,10,277,foba_gdt,33.19128303800244,0.8888888888888888,0.011933350935578346,0.741797878842092,8
553,10,277,omp,5.48504716399475,0.8888888888888888,0.011933356523513794,0.7417984026646375,8
554,10,278,foba_gdt,34.340952083992306,0.9090909090909091,0.011471749283373356,0.7485751404616399,12
555,10,278,omp,8.492424784999457,0.8695652173913043,0.011390735395252705,0.7491136330047589,13
556,10,279,foba_gdt,33.722039187996415,0.8235294117647058,0.012140379287302494,0.7488919405503877,7
557,10,279,omp,6.372985206005978,0.6666666666666666,0.010973449796438217,0.7596139860028215,14
558,10,280,foba_gdt,31.050102164997952,0.75,0.013073725625872612,0.7420052187828284,6
559,10,280,omp,5.169392690004315,0.8235294117647058,0.01282652746886015,0.7428210697714677,7
560,10,281,foba_gdt,28.65670956399117,0.8888888888888888,0.01164936926215887,0.7490406834806398,8
561,10,281,omp,5.844803175001289,0.8888888888888888,0.01164936926215887,0.7490408036947184,8
562,10,282,foba_gdt,30.992530219009495,0.8235294117647058,0.012031612917780876,0.7424912627414031,7
563,10,282,omp,8.405871886003297,0.7,0.011631358414888382,0.7504587415431132,10
564,10,283,foba_gdt,26.16082083398942,0.9473684210526315,0.010856340639293194,0.7523643288542273,9
565,10,283,omp,5.263340496996534,1.0,0.01077202521264553,0.7519595120228038,10
566,10,284,foba_gdt,24.28406542999437,0.5882352941176471,0.01148645393550396,0.7501471242239078,7
567,10,284,omp,6.341606235990184,0.6666666666666666,0.011741370894014835,0.7451869202384878,5
568,10,285,foba_gdt,28.269421142991632,0.8888888888888888,0.011548537760972977,0.746081744279529,8
569,10,285,omp,4.158623990006163,0.8888888888888888,0.011548543348908424,0.7460819455575765,8
570,10,286,foba_gdt,36.05234413300059,0.6666666666666666,0.011841779574751854,0.7484178849744014,5
571,10,286,omp,4.234474901997601,0.75,0.011695243418216705,0.7475801234390548,6
572,10,287,foba_gdt,32.322246823998285,0.8235294117647058,0.011779760010540485,0.7441409865184145,7
573,10,287,omp,5.1407313240051735,0.8235294117647058,0.01177976094186306,0.7441406908744975,7
574,10,288,foba_gdt,30.71322746700025,0.8235294117647058,0.012413905002176762,0.7495413644010441,7
575,10,288,omp,6.686589610995725,0.8235294117647058,0.012413904070854187,0.7495441544163872,7
576,10,289,foba_gdt,27.559276751009747,0.9,0.011623366735875607,0.747380645573742,10
577,10,289,omp,8.667044379995787,0.8888888888888888,0.01191489864140749,0.7447600083250252,8
578,10,290,foba_gdt,27.17898802399577,0.7777777777777778,0.011919999495148659,0.7417188040761995,8
579,10,290,omp,8.023032544995658,0.8235294117647058,0.012053562328219414,0.7384906632934662,7
580,10,291,foba_gdt,29.700285329003236,0.9473684210526315,0.011364457197487354,0.7464916454084075,9
581,10,291,omp,5.66523806200712,0.9473684210526315,0.01136445440351963,0.7464919726147585,9
582,10,292,foba_gdt,25.991778825991787,0.9473684210526315,0.011792099103331566,0.7435670756334967,9
583,10,292,omp,5.290113833005307,0.9,0.0116438502445817,0.7464324131524998,10
584,10,293,foba_gdt,34.262119349994464,0.8235294117647058,0.01133207231760025,0.7495858296150523,7
585,10,293,omp,4.336631917991326,0.8235294117647058,0.011332070454955101,0.7496157013696669,7
586,10,294,foba_gdt,29.80091391100723,0.75,0.012709586881101131,0.7401445526021553,6
587,10,294,omp,6.323385051000514,0.6666666666666666,0.012174944393336773,0.747344837656793,8
588,10,295,foba_gdt,29.374376328996732,1.0,0.011588547378778458,0.7427262939030248,10
589,10,295,omp,7.285899240989238,1.0,0.01158855203539133,0.7427274112329545,10
590,10,296,foba_gdt,28.693162519004545,0.8235294117647058,0.011418517678976059,0.7503329240615233,7
591,10,296,omp,10.954108459001873,0.8235294117647058,0.011418516747653484,0.7503318545253175,7
592,10,297,foba_gdt,26.861887888997444,0.6666666666666666,0.011590488255023956,0.7470206315634036,5
593,10,297,omp,8.61049403200741,0.625,0.011395062319934368,0.7505743847154287,6
594,10,298,foba_gdt,29.192007694990025,0.75,0.012823926284909248,0.7441820913563653,6
595,10,298,omp,6.2203305150032975,0.75,0.012823925353586674,0.7442213320106381,6
596,10,299,foba_gdt,28.561924815003294,0.9473684210526315,0.010970830917358398,0.7501082587408565,9
597,10,299,omp,9.70675394499267,0.9473684210526315,0.01097082905471325,0.7501082683058936,9
598,10,300,foba_gdt,33.20237890300632,0.8421052631578947,0.013467510230839252,0.7380742799571569,9
599,10,300,omp,5.841420576995006,0.8421052631578947,0.013467508368194103,0.7380784039316479,9
600,11,301,foba_gdt,31.648775497989845,1.0,0.010916066356003284,0.75014760960994,11
601,11,301,omp,6.815388962000725,1.0,0.010916071943938732,0.750165059878885,11
602,11,302,foba_gdt,32.65415129599569,0.7777777777777778,0.013780507259070873,0.7431513023479625,7
603,11,302,omp,4.424132602012833,0.7777777777777778,0.013780509121716022,0.7431695954429884,7
604,11,303,foba_gdt,33.93418333599402,0.9090909090909091,0.01165198627859354,0.7469743343309638,11
605,11,303,omp,5.078613434001454,0.8695652173913043,0.011532609350979328,0.7489771368099326,12
606,11,304,foba_gdt,30.834695605008164,0.8333333333333334,0.01220876444131136,0.7499616396358942,13
607,11,304,omp,4.746968582010595,0.8148148148148148,0.011868447065353394,0.7514212804558889,16
608,11,305,foba_gdt,29.929941138005233,0.9523809523809523,0.011282478459179401,0.7485500526737371,10
609,11,305,omp,5.589659238001332,0.9523809523809523,0.011282474733889103,0.7485428653805986,10
610,11,306,foba_gdt,29.532954027992673,0.8571428571428571,0.011369923129677773,0.7531913633429319,10
611,11,306,omp,9.113619240990374,0.8571428571428571,0.011369926854968071,0.753191012109304,10
612,11,307,foba_gdt,30.261531846001162,0.9090909090909091,0.011909713968634605,0.7482648616031996,11
613,11,307,omp,5.5312055079994025,0.8695652173913043,0.011742074973881245,0.74995498856799,12
614,11,308,foba_gdt,30.61454912699992,0.7777777777777778,0.012025116942822933,0.7444442160061735,7
615,11,308,omp,8.225007500004722,0.7777777777777778,0.012025119736790657,0.7444718976836239,7
616,11,309,foba_gdt,30.655574969001464,0.9523809523809523,0.011289580725133419,0.7453442130462609,10
617,11,309,omp,4.399184447000152,0.9,0.011410875245928764,0.7457197347430131,9
618,11,310,foba_gdt,34.25021128500521,0.9523809523809523,0.012040005065500736,0.7392895659170362,10
619,11,310,omp,4.484774894997827,0.9,0.012247833423316479,0.7410868345783136,9
620,11,311,foba_gdt,29.425666859999183,0.9,0.013147800229489803,0.7352947793817237,9
621,11,311,omp,4.828883820999181,0.9,0.013147799298167229,0.7352947849414233,9
622,11,312,foba_gdt,27.086075087005156,0.7777777777777778,0.012125249020755291,0.7443412758182621,7
623,11,312,omp,5.033892667997861,0.7777777777777778,0.012125244364142418,0.7443434650662916,7
624,11,313,foba_gdt,27.07292745700397,0.9,0.012052509933710098,0.742572151167584,9
625,11,313,omp,7.720922129999963,0.9,0.012052509002387524,0.7425678645748157,9
626,11,314,foba_gdt,30.783639956993284,0.8421052631578947,0.012429974041879177,0.7452804868222361,8
627,11,314,omp,5.274473031007801,0.782608695652174,0.011810977011919022,0.7509522608505208,12
628,11,315,foba_gdt,29.994929484004388,0.8421052631578947,0.01188410259783268,0.7458113512856058,8
629,11,315,omp,7.494266477006022,0.9,0.011725855059921741,0.7437607203535788,9
630,11,316,foba_gdt,30.205538153997622,0.8421052631578947,0.011146215721964836,0.7512000600597807,8
631,11,316,omp,4.87423588099773,0.8421052631578947,0.011146212927997112,0.7512008111183985,8
632,11,317,foba_gdt,31.835849644994596,1.0,0.011474751867353916,0.7468432262224278,11
633,11,317,omp,5.1720689609937835,0.9523809523809523,0.011596710421144962,0.7478300979865677,10
634,11,318,foba_gdt,29.83169387700036,0.8421052631578947,0.01174949575215578,0.7443464558229244,8
635,11,318,omp,5.184159080992686,0.8421052631578947,0.011749498546123505,0.744347515072431,8
636,11,319,foba_gdt,26.417902417000732,0.8421052631578947,0.011726226657629013,0.7425791944193696,8
637,11,319,omp,6.812585912994109,0.8421052631578947,0.011726221069693565,0.7425784990698839,8
638,11,320,foba_gdt,25.896298346007825,0.7777777777777778,0.011612867936491966,0.7445613169818583,7
639,11,320,omp,7.868360531996586,0.7368421052631579,0.011476552113890648,0.7473548961036404,8
640,11,321,foba_gdt,30.925294607994147,0.8421052631578947,0.012053921818733215,0.7435531961605709,8
641,11,321,omp,6.307111658010399,0.8421052631578947,0.01205392088741064,0.7435933171468223,8
642,11,322,foba_gdt,30.70433517699712,0.8181818181818182,0.011013495735824108,0.7524095771785269,11
643,11,322,omp,7.441942853998626,0.9,0.011188467964529991,0.7485329122298856,9
644,11,323,foba_gdt,29.873295940997195,0.9,0.011436901055276394,0.7436683461827144,9
645,11,323,omp,4.267647796994424,0.9,0.011436906643211842,0.7436655256951645,9
646,11,324,foba_gdt,32.24858010500611,0.7058823529411765,0.012263409793376923,0.7450570537908215,6
647,11,324,omp,4.617299645993626,0.7058823529411765,0.012263413518667221,0.7450637719254524,6
648,11,325,foba_gdt,28.247489318993757,0.9523809523809523,0.011425311677157879,0.7499863045342066,10
649,11,325,omp,4.870327675002045,0.9523809523809523,0.011425305157899857,0.749984755786471,10
650,11,326,foba_gdt,29.32827185098722,0.9,0.01239351648837328,0.7386838523810055,9
651,11,326,omp,5.328809211001499,0.7777777777777778,0.012757622636854649,0.742798360122779,7
652,11,327,foba_gdt,34.348615049006185,0.9523809523809523,0.013103373348712921,0.7310277422857546,10
653,11,327,omp,4.493903612004942,0.9090909090909091,0.012913958169519901,0.7343713974419128,11
654,11,328,foba_gdt,30.908005463003065,0.8,0.012641511857509613,0.7403968166134864,9
655,11,328,omp,5.1966445930011105,0.7368421052631579,0.012919877655804157,0.7405110750434383,8
656,11,329,foba_gdt,34.20784213898878,0.9523809523809523,0.011919797398149967,0.7422518966296292,10
657,11,329,omp,8.497461730992654,0.8695652173913043,0.011609953828155994,0.747367749366657,12
658,11,330,foba_gdt,31.608785964999697,0.8421052631578947,0.012089055962860584,0.7400676012515716,8
659,11,330,omp,4.87911891299882,0.8421052631578947,0.012089051306247711,0.7400782182544077,8
660,11,331,foba_gdt,33.07976053300081,0.9,0.011161291040480137,0.7490396114470409,9
661,11,331,omp,4.939644990998204,0.8571428571428571,0.011075126938521862,0.7510564416440603,10
662,11,332,foba_gdt,30.33429795601114,0.7058823529411765,0.013025094754993916,0.7398912335990121,6
663,11,332,omp,4.647152103003464,0.7058823529411765,0.013025090098381042,0.7399274202653694,6
664,11,333,foba_gdt,28.949849163007457,0.7058823529411765,0.011461134068667889,0.7492981064953339,6
665,11,333,omp,5.2936677190009505,0.7058823529411765,0.011461128480732441,0.7492752526591175,6
666,11,334,foba_gdt,33.90710660700279,0.625,0.012626227922737598,0.7461453813023373,5
667,11,334,omp,4.844946175988298,0.625,0.012626228854060173,0.7461453625068886,5
668,11,335,foba_gdt,32.38403222100169,0.8333333333333334,0.011415201239287853,0.750496758107092,13
669,11,335,omp,4.808074360000319,0.8,0.011313415132462978,0.752800329031221,14
670,11,336,foba_gdt,37.34832274400105,0.8695652173913043,0.012021567672491074,0.7454899257314377,12
671,11,336,omp,6.533980251988396,0.9090909090909091,0.012140683829784393,0.7430810660306434,11
672,11,337,foba_gdt,32.62372725200839,0.8421052631578947,0.011824144050478935,0.7437889702639144,8
673,11,337,omp,5.190576118009631,0.8421052631578947,0.011824148707091808,0.7438102763481107,8
674,11,338,foba_gdt,31.803436242000316,0.9,0.011407537385821342,0.7480068780458489,9
675,11,338,omp,5.287050809987704,0.9,0.011407540179789066,0.7480088372503891,9
676,11,339,foba_gdt,29.95522483700188,0.7058823529411765,0.012357260100543499,0.7422834115784122,6
677,11,339,omp,5.0788646879955195,0.7058823529411765,0.012357260100543499,0.742283447879347,6
678,11,340,foba_gdt,31.02926910899987,1.0,0.0114726722240448,0.7464062144204682,11
679,11,340,omp,5.87813091200951,0.9565217391304348,0.0113600455224514,0.7483941919299775,12
680,11,341,foba_gdt,32.35418657299306,0.7777777777777778,0.012097706086933613,0.742880654016753,7
681,11,341,omp,8.751456726997276,0.7777777777777778,0.012097707018256187,0.74287837834655,7
682,11,342,foba_gdt,25.734186029003467,0.9,0.011317874304950237,0.7465870852023634,9
683,11,342,omp,4.631358405997162,0.9,0.011317870579659939,0.7465851112951508,9
684,11,343,foba_gdt,33.6482052020001,0.7777777777777778,0.011683705262839794,0.7459045613530337,7
685,11,343,omp,7.25346537999576,0.7777777777777778,0.011683706194162369,0.7458943067742868,7
686,11,344,foba_gdt,28.88768623699434,0.8571428571428571,0.011100399307906628,0.750333498203843,10
687,11,344,omp,6.021770506995381,0.8571428571428571,0.011100402101874352,0.7503379673071113,10
688,11,345,foba_gdt,33.391046169999754,0.9523809523809523,0.011745959520339966,0.7414392419519086,10
689,11,345,omp,4.848908849991858,0.9523809523809523,0.01174596045166254,0.7414822121890029,10
690,11,346,foba_gdt,29.116438563985866,0.7058823529411765,0.01234397292137146,0.7469753326009229,6
691,11,346,omp,5.063402194005903,0.7058823529411765,0.012343971990048885,0.7469779105495953,6
692,11,347,foba_gdt,28.992801303000306,0.8421052631578947,0.011203914880752563,0.7501784321987015,8
693,11,347,omp,5.449271477002185,0.8421052631578947,0.011203914880752563,0.750178319930516,8
694,11,348,foba_gdt,32.39811664700392,0.8695652173913043,0.01131194643676281,0.7517437353886169,12
695,11,348,omp,4.548997032994521,0.9090909090909091,0.011462027207016945,0.7488404078213768,11
696,11,349,foba_gdt,29.404661765001947,0.9523809523809523,0.0108711626380682,0.7509815311866211,10
697,11,349,omp,7.195984250996844,0.9090909090909091,0.010796972550451756,0.7528065017678719,11
698,11,350,foba_gdt,33.62303536001127,0.9090909090909091,0.011517312377691269,0.7458044691354135,11
699,11,350,omp,6.092089615005534,0.9090909090909091,0.011517314240336418,0.7458001040817335,11
700,12,351,foba_gdt,30.098773136007367,0.8,0.012769567780196667,0.7373345504404296,8
701,12,351,omp,5.536062775005121,0.8,0.012769568711519241,0.7373284788658471,8
702,12,352,foba_gdt,31.211979735991918,0.8571428571428571,0.01138816587626934,0.7465267380911118,9
703,12,352,omp,5.2555312309996225,0.8571428571428571,0.011388164013624191,0.7465276771586952,9
704,12,353,foba_gdt,30.628572436005925,0.8571428571428571,0.011034594848752022,0.7571534291162717,9
705,12,353,omp,5.060507895992487,0.8148148148148148,0.010542556643486023,0.7586832839399784,15
706,12,354,foba_gdt,30.316300083999522,0.9090909090909091,0.011985343880951405,0.7419474574097494,10
707,12,354,omp,4.837821605993668,0.9090909090909091,0.011985351331532001,0.7419473406981572,10
708,12,355,foba_gdt,38.283036167005775,0.7619047619047619,0.011968222446739674,0.7482290197588239,9
709,12,355,omp,5.546858838002663,0.7619047619047619,0.011968214996159077,0.748230185732945,9
710,12,356,foba_gdt,27.288765038989368,0.9090909090909091,0.011602578684687614,0.7438961179495497,10
711,12,356,omp,7.845827769007883,0.9090909090909091,0.011602574959397316,0.7439006029697827,10
712,12,357,foba_gdt,33.62796693498967,0.8571428571428571,0.012850489467382431,0.742648429144062,9
713,12,357,omp,7.213900555012515,0.8571428571428571,0.012850489467382431,0.742634990355186,9
714,12,358,foba_gdt,32.42307313901256,0.9090909090909091,0.011104745790362358,0.7473421663645109,10
715,12,358,omp,5.763532173004933,0.9090909090909091,0.011104746721684933,0.7473495444626738,10
716,12,359,foba_gdt,34.25500915700104,0.8571428571428571,0.012536127120256424,0.7425986625415202,9
717,12,359,omp,6.917358484992292,0.8333333333333334,0.011993661522865295,0.7469327598867389,12
718,12,360,foba_gdt,27.483319430000847,0.8571428571428571,0.01138391625136137,0.7481273064007598,9
719,12,360,omp,4.8622091870056465,0.8571428571428571,0.011383915320038795,0.7481251129251383,9
720,12,361,foba_gdt,34.60135023199837,0.9565217391304348,0.011704916134476662,0.7414632431453524,11
721,12,361,omp,5.595465812002658,0.9565217391304348,0.011704914271831512,0.7414633340249871,11
722,12,362,foba_gdt,35.087309477006784,0.5925925925925926,0.011563385836780071,0.7576420627255875,15
723,12,362,omp,5.02591637900332,0.6666666666666666,0.012792868539690971,0.7389421902579056,6
724,12,363,foba_gdt,28.758738143005758,0.9090909090909091,0.011478746309876442,0.7430744937134677,10
725,12,363,omp,6.364842110997415,0.9090909090909091,0.011478750966489315,0.7430977835185295,10
726,12,364,foba_gdt,34.81718083699525,0.7368421052631579,0.011083289980888367,0.7502374591048946,7
727,12,364,omp,6.2844696280080825,0.7368421052631579,0.011083287186920643,0.7502390741063978,7
728,12,365,foba_gdt,29.01170536800055,0.9565217391304348,0.011803370900452137,0.7427302074102621,11
729,12,365,omp,6.114328611001838,0.9565217391304348,0.011803371831774712,0.7427329253595896,11
730,12,366,foba_gdt,28.16310335099115,0.8571428571428571,0.012220265343785286,0.743884071190883,9
731,12,366,omp,5.056029738989309,0.8571428571428571,0.012220258824527264,0.7439332704490494,9
732,12,367,foba_gdt,28.227672616994823,0.631578947368421,0.010949513874948025,0.7563160237006737,7
733,12,367,omp,4.485900294006569,0.6363636363636364,0.010695471428334713,0.7575378513350424,10
734,12,368,foba_gdt,31.100595415002317,0.7368421052631579,0.012263240292668343,0.7440336944864583,7
735,12,368,omp,5.561611923010787,0.7,0.012080066837370396,0.7476378335734546,8
736,12,369,foba_gdt,33.92262685600144,0.6666666666666666,0.01210852898657322,0.7566831351751793,18
737,12,369,omp,6.368052254998474,0.7142857142857143,0.01228366605937481,0.7545809998806969,16
738,12,370,foba_gdt,27.815538005001144,0.8,0.012401222251355648,0.7454999511338523,8
739,12,370,omp,4.556679167988477,0.8571428571428571,0.012247948907315731,0.7427538583200031,9
740,12,371,foba_gdt,36.9348575569893,0.8461538461538461,0.011499444954097271,0.7487064490787507,14
741,12,371,omp,4.81093901899294,0.7857142857142857,0.011364437639713287,0.7508292822459295,16
742,12,372,foba_gdt,29.13820534500701,0.7,0.012490006163716316,0.7459339119599616,8
743,12,372,omp,6.7169719569938025,0.7,0.012490005232393742,0.7459253470801668,8
744,12,373,foba_gdt,30.004244735013344,0.9090909090909091,0.010864589363336563,0.7520576083302642,10
745,12,373,omp,5.617675260989927,0.8571428571428571,0.010991379618644714,0.7525151669012575,9
746,12,374,foba_gdt,29.615923796009156,0.7368421052631579,0.012006806209683418,0.7441430494678252,7
747,12,374,omp,5.24380436600768,0.7272727272727273,0.01156520564109087,0.7504285724547952,10
748,12,375,foba_gdt,29.78304015599133,0.8,0.012235648930072784,0.7411688921096012,8
749,12,375,omp,5.333086730999639,0.6428571428571429,0.011306257918477058,0.7550102681266668,16
750,12,376,foba_gdt,35.74299158499343,0.9166666666666666,0.011295958422124386,0.7472534006382412,12
751,12,376,omp,5.87049238999316,0.9166666666666666,0.011295958422124386,0.7472523773316189,12
752,12,377,foba_gdt,33.24429584300378,0.7368421052631579,0.012901483103632927,0.7374883912807155,7
753,12,377,omp,6.805246589996386,0.7368421052631579,0.01290147565305233,0.7374884866941407,7
754,12,378,foba_gdt,36.71746949899534,0.7368421052631579,0.010985019616782665,0.7480710797228832,7
755,12,378,omp,5.719529243986472,0.7,0.010859749279916286,0.7509714270085949,8
756,12,379,foba_gdt,29.226899190995027,0.9090909090909091,0.01173553429543972,0.7449858034553111,10
757,12,379,omp,6.9972782069962705,0.9090909090909091,0.011735538020730019,0.7450059840709484,10
758,12,380,foba_gdt,31.19451680399652,0.8571428571428571,0.012475859373807907,0.7469416515721824,9
759,12,380,omp,5.551283748995047,0.8695652173913043,0.012122713029384613,0.7485690096804308,11
760,12,381,foba_gdt,24.969517895995523,0.9565217391304348,0.011716030538082123,0.7423009906883996,11
761,12,381,omp,9.124097760999575,0.9565217391304348,0.011716026812791824,0.7423185057744528,11
762,12,382,foba_gdt,27.077792632000637,0.9565217391304348,0.011154714971780777,0.7481374081074113,11
763,12,382,omp,5.714947107000626,0.9565217391304348,0.0111547214910388,0.7481332501904561,11
764,12,383,foba_gdt,35.62414824399457,0.8571428571428571,0.011942652985453606,0.7439747081161274,9
765,12,383,omp,7.485610894000274,0.8571428571428571,0.011942645534873009,0.7439743662996051,9
766,12,384,foba_gdt,33.37968627800001,0.8571428571428571,0.01192166842520237,0.742816497911346,9
767,12,384,omp,9.048620486006257,0.8571428571428571,0.01192166656255722,0.7428147644365577,9
768,12,385,foba_gdt,29.162958114000503,0.6956521739130435,0.011710499413311481,0.7495115869030364,11
769,12,385,omp,4.342699467000784,0.7272727272727273,0.011815519072115421,0.7477089939632555,10
770,12,386,foba_gdt,29.058263122991775,0.8333333333333334,0.01172199659049511,0.746348619158458,12
771,12,386,omp,6.831546094996156,0.8571428571428571,0.012049754150211811,0.7420233271548964,9
772,12,387,foba_gdt,28.220404631996644,0.8,0.01273371186107397,0.7411952311486588,8
773,12,387,omp,6.013609616988106,0.8148148148148148,0.011754448525607586,0.7485282390301462,15
774,12,388,foba_gdt,29.27080360300897,0.8571428571428571,0.012726143933832645,0.7408188835033556,9
775,12,388,omp,8.172764476999873,0.8181818181818182,0.012557216919958591,0.7431548383105528,10
776,12,389,foba_gdt,26.4655366930092,0.9090909090909091,0.011059476062655449,0.7487305360621858,10
777,12,389,omp,5.089268904004712,0.9090909090909091,0.011059467680752277,0.7487290603588705,10
778,12,390,foba_gdt,37.070670866,0.9565217391304348,0.012212402187287807,0.7456516516983903,11
779,12,390,omp,5.43313470800058,0.8888888888888888,0.011549345217645168,0.7515251597675175,15
780,12,391,foba_gdt,32.83595165501174,0.6666666666666666,0.012090183794498444,0.7470099076489229,6
781,12,391,omp,6.153170297999168,0.6666666666666666,0.012090187519788742,0.7470102293026366,6
782,12,392,foba_gdt,33.59289931500098,0.8571428571428571,0.01161494106054306,0.7438826387372625,9
783,12,392,omp,5.6408497340016766,0.8571428571428571,0.011614943854510784,0.7438831564438648,9
784,12,393,foba_gdt,28.335013668009196,0.8571428571428571,0.013517936691641808,0.7308955548414876,9
785,12,393,omp,6.444784196006367,0.8571428571428571,0.013517942279577255,0.7308922947156569,9
786,12,394,foba_gdt,29.20183127600467,0.8571428571428571,0.011214611120522022,0.7478521727854412,9
787,12,394,omp,7.765003020002041,0.8571428571428571,0.011214609257876873,0.7478512056174994,9
788,12,395,foba_gdt,25.445139082992682,0.8571428571428571,0.01146187074482441,0.748327123042502,9
789,12,395,omp,9.090502772989566,0.8571428571428571,0.011461867950856686,0.7483277231807277,9
790,12,396,foba_gdt,26.85380909401283,0.8,0.011154940351843834,0.7527205191241447,13
791,12,396,omp,5.459111110991216,0.8,0.011158591136336327,0.7525053030044795,13
792,12,397,foba_gdt,32.994825267989654,0.7857142857142857,0.011024605482816696,0.753104108394205,16
793,12,397,omp,5.2976729850051925,0.8181818181818182,0.011486681178212166,0.7480266019082651,10
794,12,398,foba_gdt,32.909235981001984,0.782608695652174,0.012751107104122639,0.7457104159362238,11
795,12,398,omp,7.000592509997659,0.8181818181818182,0.012940381653606892,0.7431130583229134,10
796,12,399,foba_gdt,31.283200637000846,0.8571428571428571,0.010324990376830101,0.7574161499671516,9
797,12,399,omp,6.566318778990535,0.8571428571428571,0.01032477430999279,0.757439203917764,9
798,12,400,foba_gdt,26.092983312992146,0.9090909090909091,0.012098387815058231,0.74223216735095,10
799,12,400,omp,5.935752357996535,0.9090909090909091,0.012098386883735657,0.7422258664614735,10
800,13,401,foba_gdt,32.71835611001006,0.8695652173913043,0.012051939032971859,0.7424067786298576,10
801,13,401,omp,5.48656192200724,0.8695652173913043,0.01205193717032671,0.742406788569203,10
802,13,402,foba_gdt,30.335006563997013,0.8695652173913043,0.011381365358829498,0.7535931963835698,10
803,13,402,omp,8.683837123011472,0.8888888888888888,0.011034457944333553,0.7536441359182184,14
804,13,403,foba_gdt,28.991552456005593,0.9166666666666666,0.011515730991959572,0.7471713291998306,11
805,13,403,omp,5.243949551993865,0.9166666666666666,0.011515728197991848,0.7471733319561299,11
806,13,404,foba_gdt,35.96169417600322,0.9166666666666666,0.011483550071716309,0.7451551039249896,11
807,13,404,omp,5.200723342000856,0.9166666666666666,0.01148354820907116,0.7451562771933496,11
808,13,405,foba_gdt,31.343404306011507,0.7619047619047619,0.0114305280148983,0.7495501476847352,8
809,13,405,omp,5.701166981991264,0.7619047619047619,0.011430519632995129,0.7495497217342304,8
810,13,406,foba_gdt,34.75121455700719,0.88,0.013722570613026619,0.7345315387557878,12
811,13,406,omp,6.364626181995845,0.9285714285714286,0.013091965578496456,0.7366489618647419,15
812,13,407,foba_gdt,29.215314445988042,0.9166666666666666,0.011026217602193356,0.7496951378970597,11
813,13,407,omp,9.793594624992693,0.9166666666666666,0.01102621853351593,0.7496944598730438,11
814,13,408,foba_gdt,25.49483877599414,0.8695652173913043,0.011307554319500923,0.7496960539520434,10
815,13,408,omp,9.032521415007068,0.9166666666666666,0.011196660809218884,0.7489685121114693,11
816,13,409,foba_gdt,28.690802134995465,0.7857142857142857,0.01085399929434061,0.7577640813789206,15
817,13,409,omp,7.017240203000256,0.7586206896551724,0.01079246774315834,0.7588045686516351,16
818,13,410,foba_gdt,28.15345742298814,0.88,0.010905527509748936,0.757745777109789,12
819,13,410,omp,7.78113888099324,0.88,0.010905529372394085,0.7577666207742804,12
820,13,411,foba_gdt,33.08000143901154,0.8695652173913043,0.011088047176599503,0.7522241141378377,10
821,13,411,omp,5.571519321994856,0.8695652173913043,0.011088048107922077,0.7522442201562972,10
822,13,412,foba_gdt,32.00202921598975,0.8695652173913043,0.011024042032659054,0.7523316267856115,10
823,13,412,omp,7.738726083000074,0.8695652173913043,0.011024042963981628,0.7523584788786011,10
824,13,413,foba_gdt,33.08250256800966,0.9166666666666666,0.010913732461631298,0.7504254698633726,11
825,13,413,omp,4.2392070430069,0.9166666666666666,0.01091374084353447,0.7504243395674814,11
826,13,414,foba_gdt,35.75443448899023,0.8888888888888888,0.010989137925207615,0.7519162504232535,14
827,13,414,omp,5.7068365839950275,0.8695652173913043,0.011415601707994938,0.7491255926758519,10
828,13,415,foba_gdt,31.651317710013245,0.8181818181818182,0.012320750392973423,0.7402749544266728,9
829,13,415,omp,5.135744889994385,0.72,0.011990641243755817,0.7474334564694428,12
830,13,416,foba_gdt,31.865891269000713,0.8148148148148148,0.011549859307706356,0.7524710676421166,14
831,13,416,omp,6.2075096819899045,0.8148148148148148,0.011549857445061207,0.7524722530495241,14
832,13,417,foba_gdt,32.20570101799967,0.9166666666666666,0.010509403422474861,0.7551196730198709,11
833,13,417,omp,7.121724759999779,0.9166666666666666,0.010509400628507137,0.755119534618475,11
834,13,418,foba_gdt,28.571023955999408,0.8181818181818182,0.011559439823031425,0.7470485053506879,9
835,13,418,omp,5.421007307013497,0.8181818181818182,0.011559435166418552,0.7470479699198167,9
836,13,419,foba_gdt,33.26733438800147,0.8,0.012871543876826763,0.7386863194823842,12
837,13,419,omp,4.433834530995227,0.7692307692307693,0.012739009223878384,0.7407683365747029,13
838,13,420,foba_gdt,26.174189561003004,0.8181818181818182,0.01157656405121088,0.7467192369074165,9
839,13,420,omp,4.393027865997283,0.782608695652174,0.011420966126024723,0.749830383862082,10
840,13,421,foba_gdt,34.31594665799639,0.7142857142857143,0.011519563384354115,0.7570247806678149,15
841,13,421,omp,5.1796681889973115,0.7407407407407407,0.011633137241005898,0.7553020152458526,14
842,13,422,foba_gdt,24.21585817101004,0.8333333333333334,0.011359406635165215,0.7489924716250251,11
843,13,422,omp,4.205018032997032,0.8695652173913043,0.011470513418316841,0.7464235232555116,10
844,13,423,foba_gdt,23.414083972005756,1.0,0.010744757950305939,0.7515122561111088,13
845,13,423,omp,4.72883365600137,0.9285714285714286,0.010602512396872044,0.7549357463552832,15
846,13,424,foba_gdt,24.00157748699712,0.96,0.01131959818303585,0.7484875466846287,12
847,13,424,omp,4.554832327994518,0.96,0.011319596320390701,0.7484880008613214,12
848,13,425,foba_gdt,23.386858842000947,0.96,0.011447882279753685,0.745990789850447,12
849,13,425,omp,4.357759092992637,0.9166666666666666,0.01157580316066742,0.7455076718693768,11
850,13,426,foba_gdt,22.641068123994046,0.9166666666666666,0.012351135723292828,0.7430732987177671,11
851,13,426,omp,4.732196947996272,0.9166666666666666,0.012351138517260551,0.7430484045786967,11
852,13,427,foba_gdt,23.65405842299515,0.7619047619047619,0.011826510541141033,0.7480469028238954,8
853,13,427,omp,3.971117390989093,0.7272727272727273,0.011677954345941544,0.751169820482972,9
854,13,428,foba_gdt,30.750673482994898,0.8695652173913043,0.012561202980577946,0.7369647153749873,10
855,13,428,omp,5.100432805993478,0.8695652173913043,0.012561202049255371,0.736970334427366,10
856,13,429,foba_gdt,23.354892114992253,0.8695652173913043,0.012690789997577667,0.7366779085255919,10
857,13,429,omp,3.9255772410106147,0.7619047619047619,0.013185697607696056,0.7416251592352152,8
858,13,430,foba_gdt,23.001777589000994,0.8181818181818182,0.011628423817455769,0.7501672335710082,9
859,13,430,omp,4.085896656004479,0.8181818181818182,0.011628422886133194,0.7501864529587909,9
860,13,431,foba_gdt,21.783292845997494,0.9166666666666666,0.010694567114114761,0.7534578517537347,11
861,13,431,omp,4.066860143997474,0.8461538461538461,0.010474021546542645,0.7584172095951217,13
862,13,432,foba_gdt,21.35584043500421,0.8695652173913043,0.011637036688625813,0.7464113087832506,10
863,13,432,omp,4.004210817001876,0.8695652173913043,0.011637028306722641,0.746410163342518,10
864,13,433,foba_gdt,21.611013111003558,0.8181818181818182,0.011463937349617481,0.7470342542884327,9
865,13,433,omp,3.982657262997236,0.8,0.01119716465473175,0.75095439873344,12
866,13,434,foba_gdt,22.114865078998264,0.8181818181818182,0.011695134453475475,0.7515046259426104,9
867,13,434,omp,3.9706904030026635,0.8181818181818182,0.011695130728185177,0.751504054786789,9
868,13,435,foba_gdt,31.88373417200637,0.8888888888888888,0.011704673059284687,0.7467954747742069,14
869,13,435,omp,4.719113194005331,0.8,0.01146597508341074,0.750757017385928,17
870,13,436,foba_gdt,23.17542345599213,0.8148148148148148,0.011676101945340633,0.7525257141894561,14
871,13,436,omp,4.006516345994896,0.8461538461538461,0.011794524267315865,0.7498667243026086,13
872,13,437,foba_gdt,21.96984127999167,0.8181818181818182,0.012013506144285202,0.7447797297187442,9
873,13,437,omp,4.206528480994166,0.8181818181818182,0.012013507075607777,0.744779432135699,9
874,13,438,foba_gdt,21.950223671999993,0.8695652173913043,0.011620872654020786,0.7465326793390825,10
875,13,438,omp,4.205998420002288,0.8181818181818182,0.01181702595204115,0.7474164130623713,9
876,13,439,foba_gdt,22.59484806600085,0.96,0.011529473587870598,0.7457364030799986,12
877,13,439,omp,3.871215586012113,0.96,0.011529474519193172,0.7457397106259649,12
878,13,440,foba_gdt,21.679288102008286,0.7857142857142857,0.011149019002914429,0.7560268656599802,15
879,13,440,omp,4.209658482010127,0.6875,0.010905280709266663,0.7605566213343335,19
880,13,441,foba_gdt,22.08409982000012,0.8695652173913043,0.012209775857627392,0.7406574836013652,10
881,13,441,omp,3.8594212559983134,0.8695652173913043,0.01220978144556284,0.7406592441650575,10
882,13,442,foba_gdt,31.433181375992717,0.8461538461538461,0.010620033368468285,0.7577271090165463,13
883,13,442,omp,4.314578424004139,0.9166666666666666,0.01079501025378704,0.753772125112848,11
884,13,443,foba_gdt,22.560259154997766,0.8571428571428571,0.012019388377666473,0.7441537886116507,15
885,13,443,omp,4.210933529000613,0.8461538461538461,0.01220095343887806,0.7433082773922225,13
886,13,444,foba_gdt,21.93457245200989,0.9166666666666666,0.010873518884181976,0.7507701188338964,11
887,13,444,omp,4.335782006004592,0.9166666666666666,0.010873519815504551,0.7507655520838771,11
888,13,445,foba_gdt,22.070346086999052,0.8695652173913043,0.012155360542237759,0.7403027412194879,10
889,13,445,omp,4.6499189020105405,0.8695652173913043,0.012155360542237759,0.7402921489750678,10
890,13,446,foba_gdt,23.680870887998026,0.8695652173913043,0.011125423945486546,0.7509316011333981,10
891,13,446,omp,4.860208910002257,0.8695652173913043,0.011125421151518822,0.7509309686987046,10
892,13,447,foba_gdt,25.32848259199818,0.7857142857142857,0.011448927223682404,0.7538874622544466,15
893,13,447,omp,4.388045562998741,0.7857142857142857,0.011448923498392105,0.7538849148668495,15
894,13,448,foba_gdt,20.053283927001758,0.7692307692307693,0.010551118291914463,0.758566807083949,13
895,13,448,omp,3.367398890986806,0.75,0.010694730095565319,0.7573174714150374,11
896,13,449,foba_gdt,30.79221614699054,0.9230769230769231,0.011101024225354195,0.7492216607871052,13
897,13,449,omp,4.9237871849909425,0.96,0.011199292726814747,0.7465768526112381,12
898,13,450,foba_gdt,22.09715074399719,0.7857142857142857,0.012403125874698162,0.7472635360186034,15
899,13,450,omp,4.18925153100281,0.8148148148148148,0.012514010071754456,0.745666580368903,14
900,14,451,foba_gdt,21.605751723996946,0.9230769230769231,0.011088656261563301,0.750316479198903,12
901,14,451,omp,4.185861083009513,0.9230769230769231,0.01108865812420845,0.7503192680298751,12
902,14,452,foba_gdt,21.717300319010974,0.782608695652174,0.01216897927224636,0.7432784886997341,9
903,14,452,omp,4.582083228000556,0.782608695652174,0.012168990448117256,0.7432697215267757,9
904,14,453,foba_gdt,21.845817162000458,0.8333333333333334,0.01142468024045229,0.7502016588561433,10
905,14,453,omp,4.36468101599894,0.7142857142857143,0.010974464938044548,0.7587989941193849,14
906,14,454,foba_gdt,22.501786353008356,0.8333333333333334,0.01270044781267643,0.7444804485011809,10
907,14,454,omp,4.266162159998203,0.8333333333333334,0.012700458988547325,0.7444748172291888,10
908,14,455,foba_gdt,20.549221462992136,0.8333333333333334,0.011269301176071167,0.7459712316835574,10
909,14,455,omp,3.7376467600115575,0.8333333333333334,0.011269298382103443,0.7459694026841303,10
910,14,456,foba_gdt,27.661137862000032,0.8,0.0118597112596035,0.7488251721052641,11
911,14,456,omp,4.326432236004621,0.8,0.011859710328280926,0.7488225435654134,11
912,14,457,foba_gdt,22.32037577799929,0.7272727272727273,0.012164394371211529,0.7397658315972273,8
913,14,457,omp,4.589501884009223,0.7272727272727273,0.01216439250856638,0.739768003483588,8
914,14,458,foba_gdt,22.392136927010142,0.8461538461538461,0.012209778651595116,0.7454685965676549,12
915,14,458,omp,4.296506629994838,0.8461538461538461,0.012209780514240265,0.7454683886241811,12
916,14,459,foba_gdt,23.1433399200032,0.782608695652174,0.01185266487300396,0.7490159826629885,9
917,14,459,omp,4.253681935995701,0.782608695652174,0.011852661147713661,0.7490273216895382,9
918,14,460,foba_gdt,22.583352711997577,0.782608695652174,0.01233924925327301,0.7468217084755278,9
919,14,460,omp,4.653996940003708,0.782608695652174,0.012339245527982712,0.7468217568256883,9
920,14,461,foba_gdt,21.791107652999926,0.782608695652174,0.011243063025176525,0.7519059142568302,9
921,14,461,omp,4.172506525006611,0.782608695652174,0.011243059299886227,0.7519053788641816,9
922,14,462,foba_gdt,22.61370306200115,0.7692307692307693,0.011407235637307167,0.7536236947920895,12
923,14,462,omp,3.993558047004626,0.8333333333333334,0.011671200394630432,0.7480232415803811,10
924,14,463,foba_gdt,28.443442087998847,0.8,0.01052585244178772,0.7574922059531819,11
925,14,463,omp,4.297760854999069,0.7692307692307693,0.010460824705660343,0.7589075635899707,12
926,14,464,foba_gdt,22.982954499995685,0.7857142857142857,0.01135560404509306,0.750151018947524,14
927,14,464,omp,4.177891491010087,0.6666666666666666,0.012344683520495892,0.7476345881329196,7
928,14,465,foba_gdt,22.01957472799404,0.75,0.011790929362177849,0.7457152091440923,10
929,14,465,omp,4.55440920899855,0.75,0.011790922842919827,0.7457302406802141,10
930,14,466,foba_gdt,22.773691128997598,0.782608695652174,0.012112065218389034,0.7421981512489209,9
931,14,466,omp,4.331929435997154,0.7142857142857143,0.011580010876059532,0.7486008393889962,14
932,14,467,foba_gdt,22.710481390997302,0.7407407407407407,0.010648488067090511,0.7553369868417009,13
933,14,467,omp,4.433793981006602,0.7272727272727273,0.011005375534296036,0.7502446728487266,8
934,14,468,foba_gdt,22.032929152002907,0.8275862068965517,0.011152180843055248,0.7524652498672131,15
935,14,468,omp,4.692814352005371,0.8148148148148148,0.011298669502139091,0.7513010241313631,13
936,14,469,foba_gdt,21.13630261499202,0.7272727272727273,0.013411934487521648,0.7424885029518409,8
937,14,469,omp,3.4937984280113596,0.782608695652174,0.01317926961928606,0.7370814375349465,9
938,14,470,foba_gdt,27.72442946099909,0.8333333333333334,0.012477751821279526,0.7430761902573861,10
939,14,470,omp,3.9077984870091313,0.8333333333333334,0.0124777527526021,0.7430789879534919,10
940,14,471,foba_gdt,20.665710617002333,0.9230769230769231,0.011573325842618942,0.7448042368131317,12
941,14,471,omp,3.8040447020030115,0.88,0.011674919165670872,0.746591670220656,11
942,14,472,foba_gdt,21.26540887300507,0.782608695652174,0.011142797768115997,0.7549386682857663,9
943,14,472,omp,4.016187761997571,0.782608695652174,0.011142795905470848,0.7549396692175325,9
944,14,473,foba_gdt,20.812507755006664,0.6451612903225806,0.011186919175088406,0.7567085045378614,17
945,14,473,omp,4.0911325399938505,0.72,0.01169838011264801,0.7501985843301424,11
946,14,474,foba_gdt,20.7006063680019,0.9629629629629629,0.01146779302507639,0.7457859788911056,13
947,14,474,omp,4.359722002001945,0.9629629629629629,0.01146779302507639,0.7457855553342403,13
948,14,475,foba_gdt,20.046386719011934,0.8333333333333334,0.011189020238816738,0.7494980783901997,10
949,14,475,omp,3.9392014450131683,0.8333333333333334,0.011189021170139313,0.7494969272033981,10
950,14,476,foba_gdt,21.315898646003916,0.8333333333333334,0.012178017757833004,0.7432585587114656,10
951,14,476,omp,3.943691356005729,0.7857142857142857,0.01162964478135109,0.7497454066584082,14
952,14,477,foba_gdt,26.88599353900645,0.8387096774193549,0.011245298199355602,0.7523484808436057,17
953,14,477,omp,4.6397018100105925,0.8666666666666667,0.011309816502034664,0.7510711755006569,16
954,14,478,foba_gdt,23.472373691998655,0.9230769230769231,0.011550739407539368,0.7442666523482568,12
955,14,478,omp,4.346636324989959,0.9230769230769231,0.011550736613571644,0.744271568617531,12
956,14,479,foba_gdt,22.561455962000764,0.8461538461538461,0.010949519462883472,0.7535105181844367,12
957,14,479,omp,4.247614769992651,0.8461538461538461,0.010949518531560898,0.753512717959919,12
958,14,480,foba_gdt,23.8875435529917,0.8888888888888888,0.011557619087398052,0.7490964180627016,13
959,14,480,omp,3.9786429969972232,0.8888888888888888,0.011557619087398052,0.7490964093266315,13
960,14,481,foba_gdt,23.364822226998513,0.75,0.011836322955787182,0.7437474159235599,10
961,14,481,omp,4.531227889005095,0.6956521739130435,0.012000374495983124,0.745177642020299,9
962,14,482,foba_gdt,23.24329219099309,0.9230769230769231,0.011841272003948689,0.7438962563568825,12
963,14,482,omp,4.048772730995552,0.8888888888888888,0.011711635626852512,0.7462536702220905,13
964,14,483,foba_gdt,19.781232359993737,0.782608695652174,0.01218905858695507,0.7419744738636654,9
965,14,483,omp,3.448414854996372,0.782608695652174,0.012189055792987347,0.741958765212702,9
966,14,484,foba_gdt,24.85476584000571,0.9629629629629629,0.012046369723975658,0.7400147917521975,13
967,14,484,omp,4.019167840000591,0.9629629629629629,0.012046369723975658,0.740029197864405,13
968,14,485,foba_gdt,20.771099425997818,0.8333333333333334,0.01290402002632618,0.7355397264482113,10
969,14,485,omp,3.7847776310081827,0.8,0.012736726552248001,0.7386307984945805,11
970,14,486,foba_gdt,20.958476970990887,0.88,0.011797333136200905,0.7429771588567184,11
971,14,486,omp,3.9908923569892067,0.88,0.011797335930168629,0.7429777458501985,11
972,14,487,foba_gdt,21.245105381996837,0.8333333333333334,0.011698668822646141,0.747673159350686,10
973,14,487,omp,4.450325643003453,0.8333333333333334,0.011698666028678417,0.7476808993953162,10
974,14,488,foba_gdt,20.613444773000083,0.8148148148148148,0.011220522224903107,0.7517886294211401,13
975,14,488,omp,4.150907492003171,0.7272727272727273,0.011750291101634502,0.7519870888740453,8
976,14,489,foba_gdt,20.506805828001234,0.88,0.012250270694494247,0.740594415233529,11
977,14,489,omp,4.33086409700627,0.88,0.012250270694494247,0.7405949071166175,11
978,14,490,foba_gdt,20.70611572099733,0.88,0.01114322803914547,0.7481409104002259,11
979,14,490,omp,3.911726838996401,0.88,0.011143227107822895,0.7481412681006627,11
980,14,491,foba_gdt,24.016051736994996,0.88,0.011043357662856579,0.7490906193017692,11
981,14,491,omp,4.0548724590044,0.88,0.01104335580021143,0.7490947803481771,11
982,14,492,foba_gdt,20.98332575299719,0.7857142857142857,0.012323803268373013,0.7478164928107892,14
983,14,492,omp,3.749571170992567,0.782608695652174,0.013257096521556377,0.745180009338541,9
984,14,493,foba_gdt,20.398600756001542,0.9629629629629629,0.011501971632242203,0.7467179853611821,13
985,14,493,omp,3.7108557669998845,0.9629629629629629,0.011501973494887352,0.7467190693467375,13
986,14,494,foba_gdt,19.03975427399564,0.7272727272727273,0.012179679237306118,0.746901406804138,8
987,14,494,omp,3.565985429013381,0.7272727272727273,0.012179682962596416,0.7469032373412483,8
988,14,495,foba_gdt,19.52355688699754,0.9285714285714286,0.011247742921113968,0.7506046034308531,14
989,14,495,omp,3.6039164070098195,0.9230769230769231,0.011578531935811043,0.748119477822822,12
990,14,496,foba_gdt,18.746847145986976,0.8888888888888888,0.01139870472252369,0.7488705758239875,13
991,14,496,omp,3.6130195570003707,0.8888888888888888,0.011398709379136562,0.7488712467780775,13
992,14,497,foba_gdt,19.646306770999217,0.7857142857142857,0.011699629947543144,0.7521598915608168,14
993,14,497,omp,3.6665693819959415,0.782608695652174,0.012526421807706356,0.7486814202432363,9
994,14,498,foba_gdt,22.98615205498936,0.88,0.011355947703123093,0.7482659970839982,11
995,14,498,omp,4.203884059999837,0.8461538461538461,0.011269791051745415,0.7501385764866366,12
996,14,499,foba_gdt,19.933970725003746,0.8333333333333334,0.0112146632745862,0.7499893183516473,10
997,14,499,omp,4.065161170990905,0.8333333333333334,0.011214661411941051,0.7499917783357932,10
998,14,500,foba_gdt,20.287179070001002,0.9230769230769231,0.01124509982764721,0.7488515967862163,12
999,14,500,omp,3.9829932850116165,0.9230769230769231,0.011245101690292358,0.7488598026640011,12
